Workbook

Sheet swiss_qna
A2: Staatssekretariat für Wirtschaft SECO
A3: Secrétariat d'Etat à l'économie SECO
A4: Segreteria di Stato dell’economia SECO
A5: Secretariat da stadi per l'economia SECO
A6: State Secretariat for Economic Affairs SECO
A8: You may choose the language to label the Swiss GDP and its production-side components in the dropdown-menu below.
A9: Pages labelled at the end with "_q" contain quarterly data, pages with "_y" contain yearly figures.
A10: Pages labelled at the beginning with "nom" contain figures at current prices, pages with "real" contain values at prices of the preceding year (chained values, reference year 2020), pages with "defl" contain implicit price deflators and those with "gc" contain contributions to real GDP-growth.
A12: Sie können im Dropdown-Menu die Sprache wählen, im welcher Sie das BIP der Schweiz gemäss Produktionsseite beschriftet haben möchten.
A13: Seiten mit der Endbezeichnung "_q" enthalten Quartalszahlen, diejenigen mit "_y" Jahreszahlen.
A14: Seiten mit der Anfangsbezeichnung "nom" enthalten Werte zu laufenden Preisen, diejenigen mit "real" Werte zu Preisen des Vorjahres (verkettet, Referenzjahr 2020), diejenigen mit "defl" implizite Deflatoren und diejenigen mit "gc" Beiträge zum realen BIP-Wachstum.
A16: Vous pouvez choisir ci-dessous la langue avec laquelle vous souhaitez visualiser le PIB de la Suisse selon l'approche par la production.
... A22: Le pagine contrassegnate all'inizio con "nom" contengono dati ai prezzi correnti, pagine con "real" contengono valori ai prezzi dell'anno precedente (serie concatenate, anno di riferimento 2020), pagine con "defl" contengono i deflatori impliciti, pagine con "gc" contengono i contributi alla crescita reale del PIL.

Sheet nom_q
A1: =INDIRECT("beschriftung!"&ADDRESS(beschriftung!$C$1*12+ROW(beschriftung!$A1)-1,COLUMN(beschriftung!A$1))) -> ESA 2010, Quarterly aggregates of Gross Domestic Product, production approach, raw data
A2: =INDIRECT("beschriftung!"&ADDRESS(beschriftung!$C$1*12+ROW(beschriftung!$A2)-1,COLUMN(beschriftung!A$1))) -> In Mio. Swiss Francs, at current prices, percentage change to previous year
C4: =INDIRECT("beschriftung!"&ADDRESS(beschriftung!$C$1*12+ROW(beschriftung!$A5)-1,COLUMN(beschriftung!C$1))) -> Gross domestic product | D4: =IF(INDIRECT("beschriftung.!"&ADDRESS(#REF!*12+ROW($A5)-1,COLUMN(D$1)))="","",INDIRECT("beschriftung.!"&ADDRESS(#REF!*12+ROW($A5)-1,COLUMN(D$1)))) -> #REF! | E4: =IF(INDIRECT("beschriftung.!"&ADDRESS(#REF!*12+ROW($A5)-1,COLUMN(E$1)))="","",INDIRECT("beschriftung.!"&ADDRESS(#REF!*12+ROW($A5)-1,COLUMN(E$1)))) -> #REF! | F4: =IF(INDIRECT("beschriftung.!"&ADDRESS(#REF!*12+ROW($A5)-1,COLUMN(F$1)))="","",INDIRECT("beschriftung.!"&ADDRESS(#REF!*12+ROW($A5)-1,COLUMN(F$1)))) -> #REF! | G4: =IF(INDIRECT("beschriftung.!"&ADDRESS(#REF!*12+ROW($A5)-1,COLUMN(G$1)))="","",INDIRECT("beschriftung.!"&ADDRESS(#REF!*12+ROW($A5)-1,COLUMN(G$1)))) -> #REF! | H4: =IF(INDIRECT("beschriftung.!"&ADDRESS(#REF!*12+ROW($A5)-1,COLUMN(H$1)))="","",INDIRECT("beschriftung.!"&ADDRESS(#REF!*12+ROW($A5)-1,COLUMN(H$1)))) -> #REF! | I4: =IF(INDIRECT("beschriftung.!"&ADDRESS(#REF!*12+ROW($A5)-1,COLUMN(I$1)))="","",INDIRECT("beschriftung.!"&ADDRESS(#REF!*12+ROW($A5)-1,COLUMN(I$1)))) -> #REF! | J4: =IF(INDIRECT("beschriftung.!"&ADDRESS(#REF!*12+ROW($A5)-1,COLUMN(J$1)))="","",INDIRECT("beschriftung.!"&ADDRESS(#REF!*12+ROW($A5)-1,COLUMN(J$1)))) -> #REF! | K4: =IF(INDIRECT("beschriftung.!"&ADDRESS(#REF!*12+ROW($A5)-1,COLUMN(K$1)))="","",INDIRECT("beschriftung.!"&ADDRESS(#REF!*12+ROW($A5)-1,COLUMN(K$1)))) -> #REF! | L4: =IF(INDIRECT("beschriftung.!"&ADDRESS(#REF!*12+ROW($A5)-1,COLUMN(L$1)))="","",INDIRECT("beschriftung.!"&ADDRESS(#REF!*12+ROW($A5)-1,COLUMN(L$1)))) -> #REF! | Q4: =IF(INDIRECT("beschriftung.!"&ADDRESS(#REF!*12+ROW($A5)-1,COLUMN(Q$1)))="","",INDIRECT("beschriftung.!"&ADDRESS(#REF!*12+ROW($A5)-1,COLUMN(Q$1)))) -> #REF! | R4: =IF(INDIRECT("beschriftung.!"&ADDRESS(#REF!*12+ROW($A5)-1,COLUMN(R$1)))="","",INDIRECT("beschriftung.!"&ADDRESS(#REF!*12+ROW($A5)-1,COLUMN(R$1)))) -> #REF! | U4: =IF(INDIRECT("beschriftung.!"&ADDRESS(#REF!*12+ROW($A5)-1,COLUMN(U$1)))="","",INDIRECT("beschriftung.!"&ADDRESS(#REF!*12+ROW($A5)-1,COLUMN(U$1)))) -> #REF! | V4: =IF(INDIRECT("beschriftung.!"&ADDRESS(#REF!*12+ROW($A5)-1,COLUMN(V$1)))="","",INDIRECT("beschriftung.!"&ADDRESS(#REF!*12+ROW($A5)-1,COLUMN(V$1)))) -> #REF! | W4: =IF(INDIRECT("beschriftung.!"&ADDRESS(#REF!*12+ROW($A5)-1,COLUMN(W$1)))="","",INDIRECT("beschriftung.!"&ADDRESS(#REF!*12+ROW($A5)-1,COLUMN(W$1)))) -> #REF! | X4: =IF(INDIRECT("beschriftung.!"&ADDRESS(#REF!*12+ROW($A5)-1,COLUMN(X$1)))="","",INDIRECT("beschriftung.!"&ADDRESS(#REF!*12+ROW($A5)-1,COLUMN(X$1)))) -> #REF! | AA4: =IF(INDIRECT("beschriftung.!"&ADDRESS(#REF!*12+ROW($A5)-1,COLUMN(AA$1)))="","",INDIRECT("beschriftung.!"&ADDRESS(#REF!*12+ROW($A5)-1,COLUMN(AA$1)))) -> #REF! | AB4: =IF(INDIRECT("beschriftung.!"&ADDRESS(#REF!*12+ROW($A5)-1,COLUMN(AB$1)))="","",INDIRECT("beschriftung.!"&ADDRESS(#REF!*12+ROW($A5)-1,COLUMN(AB$1)))) -> #REF! | AG4: =IF(INDIRECT("beschriftung.!"&ADDRESS(#REF!*12+ROW($A5)-1,COLUMN(AG$1)))="","",INDIRECT("beschriftung.!"&ADDRESS(#REF!*12+ROW($A5)-1,COLUMN(AG$1)))) -> #REF! | AH4: =IF(INDIRECT("beschriftung.!"&ADDRESS(#REF!*12+ROW($A5)-1,COLUMN(AH$1)))="","",INDIRECT("beschriftung.!"&ADDRESS(#REF!*12+ROW($A5)-1,COLUMN(AH$1)))) -> #REF! | AI4: =IF(INDIRECT("beschriftung.!"&ADDRESS(#REF!*12+ROW($A5)-1,COLUMN(AI$1)))="","",INDIRECT("beschriftung.!"&ADDRESS(#REF!*12+ROW($A5)-1,COLUMN(AI$1)))) -> #REF! | AJ4: =IF(INDIRECT("beschriftung.!"&ADDRESS(#REF!*12+ROW($A5)-1,COLUMN(AJ$1)))="","",INDIRECT("beschriftung.!"&ADDRESS(#REF!*12+ROW($A5)-1,COLUMN(AJ$1)))) -> #REF! | AM4: =IF(INDIRECT("beschriftung.!"&ADDRESS(#REF!*12+ROW($A5)-1,COLUMN(AM$1)))="","",INDIRECT("beschriftung.!"&ADDRESS(#REF!*12+ROW($A5)-1,COLUMN(AM$1)))) -> #REF! | AN4: =IF(INDIRECT("beschriftung.!"&ADDRESS(#REF!*12+ROW($A5)-1,COLUMN(AN$1)))="","",INDIRECT("beschriftung.!"&ADDRESS(#REF!*12+ROW($A5)-1,COLUMN(AN$1)))) -> #REF! | AO4: =IF(INDIRECT("beschriftung.!"&ADDRESS(#REF!*12+ROW($A5)-1,COLUMN(AO$1)))="","",INDIRECT("beschriftung.!"&ADDRESS(#REF!*12+ROW($A5)-1,COLUMN(AO$1)))) -> #REF! | AP4: =IF(INDIRECT("beschriftung.!"&ADDRESS(#REF!*12+ROW($A5)-1,COLUMN(AP$1)))="","",INDIRECT("beschriftung.!"&ADDRESS(#REF!*12+ROW($A5)-1,COLUMN(AP$1)))) -> #REF! | AQ4: =IF(INDIRECT("beschriftung.!"&ADDRESS(#REF!*12+ROW($A5)-1,COLUMN(AQ$1)))="","",INDIRECT("beschriftung.!"&ADDRESS(#REF!*12+ROW($A5)-1,COLUMN(AQ$1)))) -> #REF! | AR4: =IF(INDIRECT("beschriftung.!"&ADDRESS(#REF!*12+ROW($A5)-1,COLUMN(AR$1)))="","",INDIRECT("beschriftung.!"&ADDRESS(#REF!*12+ROW($A5)-1,COLUMN(AR$1)))) -> #REF! | AS4: =IF(INDIRECT("beschriftung.!"&ADDRESS(#REF!*12+ROW($A5)-1,COLUMN(AS$1)))="","",INDIRECT("beschriftung.!"&ADDRESS(#REF!*12+ROW($A5)-1,COLUMN(AS$1)))) -> #REF! | AT4: =IF(INDIRECT("beschriftung.!"&ADDRESS(#REF!*12+ROW($A5)-1,COLUMN(AT$1)))="","",INDIRECT("beschriftung.!"&ADDRESS(#REF!*12+ROW($A5)-1,COLUMN(AT$1)))) -> #REF! | ... AV4: =IF(INDIRECT("beschriftung.!"&ADDRESS(#REF!*12+ROW($A5)-1,COLUMN(AV$1)))="","",INDIRECT("beschriftung.!"&ADDRESS(#REF!*12+ROW($A5)-1,COLUMN(AV$1)))) -> #REF! | AY4: =IF(INDIRECT("beschriftung.!"&ADDRESS(#REF!*12+ROW($A5)-1,COLUMN(AY$1)))="","",INDIRECT("beschriftung.!"&ADDRESS(#REF!*12+ROW($A5)-1,COLUMN(AY$1)))) -> #REF! | AZ4: =IF(INDIRECT("beschriftung.!"&ADDRESS(#REF!*12+ROW($A5)-1,COLUMN(AZ$1)))="","",INDIRECT("beschriftung.!"&ADDRESS(#REF!*12+ROW($A5)-1,COLUMN(AZ$1)))) -> #REF! | BA4: =IF(INDIRECT("beschriftung.!"&ADDRESS(#REF!*12+ROW($A5)-1,COLUMN(BA$1)))="","",INDIRECT("beschriftung.!"&ADDRESS(#REF!*12+ROW($A5)-1,COLUMN(BA$1)))) -> #REF! | BB4: =IF(INDIRECT("beschriftung.!"&ADDRESS(#REF!*12+ROW($A5)-1,COLUMN(BB$1)))="","",INDIRECT("beschriftung.!"&ADDRESS(#REF!*12+ROW($A5)-1,COLUMN(BB$1)))) -> #REF! | BC4: =IF(INDIRECT("beschriftung.!"&ADDRESS(#REF!*12+ROW($A5)-1,COLUMN(BC$1)))="","",INDIRECT("beschriftung.!"&ADDRESS(#REF!*12+ROW($A5)-1,COLUMN(BC$1)))) -> #REF! | BD4: =IF(INDIRECT("beschriftung.!"&ADDRESS(#REF!*12+ROW($A5)-1,COLUMN(BD$1)))="","",INDIRECT("beschriftung.!"&ADDRESS(#REF!*12+ROW($A5)-1,COLUMN(BD$1)))) -> #REF! | BE4: =IF(INDIRECT("beschriftung.!"&ADDRESS(#REF!*12+ROW($A5)-1,COLUMN(BE$1)))="","",INDIRECT("beschriftung.!"&ADDRESS(#REF!*12+ROW($A5)-1,COLUMN(BE$1)))) -> #REF! | BF4: =IF(INDIRECT("beschriftung.!"&ADDRESS(#REF!*12+ROW($A5)-1,COLUMN(BF$1)))="","",INDIRECT("beschriftung.!"&ADDRESS(#REF!*12+ROW($A5)-1,COLUMN(BF$1)))) -> #REF!
E5: =INDIRECT("beschriftung!"&ADDRESS(beschriftung!$C$1*12+ROW(beschriftung!$A6)-1,COLUMN(beschriftung!D$1))) -> Gross value added before adjustments | F5: =IF(INDIRECT("beschriftung.!"&ADDRESS(#REF!*12+ROW($A6)-1,COLUMN(F$1)))="","",INDIRECT("beschriftung.!"&ADDRESS(#REF!*12+ROW($A6)-1,COLUMN(F$1)))) -> #REF! | G5: =IF(INDIRECT("beschriftung.!"&ADDRESS(#REF!*12+ROW($A6)-1,COLUMN(G$1)))="","",INDIRECT("beschriftung.!"&ADDRESS(#REF!*12+ROW($A6)-1,COLUMN(G$1)))) -> #REF! | H5: =IF(INDIRECT("beschriftung.!"&ADDRESS(#REF!*12+ROW($A6)-1,COLUMN(H$1)))="","",INDIRECT("beschriftung.!"&ADDRESS(#REF!*12+ROW($A6)-1,COLUMN(H$1)))) -> #REF! | I5: =IF(INDIRECT("beschriftung.!"&ADDRESS(#REF!*12+ROW($A6)-1,COLUMN(I$1)))="","",INDIRECT("beschriftung.!"&ADDRESS(#REF!*12+ROW($A6)-1,COLUMN(I$1)))) -> #REF! | J5: =IF(INDIRECT("beschriftung.!"&ADDRESS(#REF!*12+ROW($A6)-1,COLUMN(J$1)))="","",INDIRECT("beschriftung.!"&ADDRESS(#REF!*12+ROW($A6)-1,COLUMN(J$1)))) -> #REF! | K5: =IF(INDIRECT("beschriftung.!"&ADDRESS(#REF!*12+ROW($A6)-1,COLUMN(K$1)))="","",INDIRECT("beschriftung.!"&ADDRESS(#REF!*12+ROW($A6)-1,COLUMN(K$1)))) -> #REF! | L5: =IF(INDIRECT("beschriftung.!"&ADDRESS(#REF!*12+ROW($A6)-1,COLUMN(L$1)))="","",INDIRECT("beschriftung.!"&ADDRESS(#REF!*12+ROW($A6)-1,COLUMN(L$1)))) -> #REF! | Q5: =IF(INDIRECT("beschriftung.!"&ADDRESS(#REF!*12+ROW($A6)-1,COLUMN(Q$1)))="","",INDIRECT("beschriftung.!"&ADDRESS(#REF!*12+ROW($A6)-1,COLUMN(Q$1)))) -> #REF! | R5: =IF(INDIRECT("beschriftung.!"&ADDRESS(#REF!*12+ROW($A6)-1,COLUMN(R$1)))="","",INDIRECT("beschriftung.!"&ADDRESS(#REF!*12+ROW($A6)-1,COLUMN(R$1)))) -> #REF! | U5: =IF(INDIRECT("beschriftung.!"&ADDRESS(#REF!*12+ROW($A6)-1,COLUMN(U$1)))="","",INDIRECT("beschriftung.!"&ADDRESS(#REF!*12+ROW($A6)-1,COLUMN(U$1)))) -> #REF! | V5: =IF(INDIRECT("beschriftung.!"&ADDRESS(#REF!*12+ROW($A6)-1,COLUMN(V$1)))="","",INDIRECT("beschriftung.!"&ADDRESS(#REF!*12+ROW($A6)-1,COLUMN(V$1)))) -> #REF! | W5: =IF(INDIRECT("beschriftung.!"&ADDRESS(#REF!*12+ROW($A6)-1,COLUMN(W$1)))="","",INDIRECT("beschriftung.!"&ADDRESS(#REF!*12+ROW($A6)-1,COLUMN(W$1)))) -> #REF! | X5: =IF(INDIRECT("beschriftung.!"&ADDRESS(#REF!*12+ROW($A6)-1,COLUMN(X$1)))="","",INDIRECT("beschriftung.!"&ADDRESS(#REF!*12+ROW($A6)-1,COLUMN(X$1)))) -> #REF! | AA5: =IF(INDIRECT("beschriftung.!"&ADDRESS(#REF!*12+ROW($A6)-1,COLUMN(AA$1)))="","",INDIRECT("beschriftung.!"&ADDRESS(#REF!*12+ROW($A6)-1,COLUMN(AA$1)))) -> #REF! | AB5: =IF(INDIRECT("beschriftung.!"&ADDRESS(#REF!*12+ROW($A6)-1,COLUMN(AB$1)))="","",INDIRECT("beschriftung.!"&ADDRESS(#REF!*12+ROW($A6)-1,COLUMN(AB$1)))) -> #REF! | AG5: =IF(INDIRECT("beschriftung.!"&ADDRESS(#REF!*12+ROW($A6)-1,COLUMN(AG$1)))="","",INDIRECT("beschriftung.!"&ADDRESS(#REF!*12+ROW($A6)-1,COLUMN(AG$1)))) -> #REF! | AH5: =IF(INDIRECT("beschriftung.!"&ADDRESS(#REF!*12+ROW($A6)-1,COLUMN(AH$1)))="","",INDIRECT("beschriftung.!"&ADDRESS(#REF!*12+ROW($A6)-1,COLUMN(AH$1)))) -> #REF! | AI5: =IF(INDIRECT("beschriftung.!"&ADDRESS(#REF!*12+ROW($A6)-1,COLUMN(AI$1)))="","",INDIRECT("beschriftung.!"&ADDRESS(#REF!*12+ROW($A6)-1,COLUMN(AI$1)))) -> #REF! | AJ5: =IF(INDIRECT("beschriftung.!"&ADDRESS(#REF!*12+ROW($A6)-1,COLUMN(AJ$1)))="","",INDIRECT("beschriftung.!"&ADDRESS(#REF!*12+ROW($A6)-1,COLUMN(AJ$1)))) -> #REF! | AM5: =IF(INDIRECT("beschriftung.!"&ADDRESS(#REF!*12+ROW($A6)-1,COLUMN(AM$1)))="","",INDIRECT("beschriftung.!"&ADDRESS(#REF!*12+ROW($A6)-1,COLUMN(AM$1)))) -> #REF! | AN5: =IF(INDIRECT("beschriftung.!"&ADDRESS(#REF!*12+ROW($A6)-1,COLUMN(AN$1)))="","",INDIRECT("beschriftung.!"&ADDRESS(#REF!*12+ROW($A6)-1,COLUMN(AN$1)))) -> #REF! | AO5: =IF(INDIRECT("beschriftung.!"&ADDRESS(#REF!*12+ROW($A6)-1,COLUMN(AO$1)))="","",INDIRECT("beschriftung.!"&ADDRESS(#REF!*12+ROW($A6)-1,COLUMN(AO$1)))) -> #REF! | AP5: =IF(INDIRECT("beschriftung.!"&ADDRESS(#REF!*12+ROW($A6)-1,COLUMN(AP$1)))="","",INDIRECT("beschriftung.!"&ADDRESS(#REF!*12+ROW($A6)-1,COLUMN(AP$1)))) -> #REF! | AQ5: =IF(INDIRECT("beschriftung.!"&ADDRESS(#REF!*12+ROW($A6)-1,COLUMN(AQ$1)))="","",INDIRECT("beschriftung.!"&ADDRESS(#REF!*12+ROW($A6)-1,COLUMN(AQ$1)))) -> #REF! | AR5: =IF(INDIRECT("beschriftung.!"&ADDRESS(#REF!*12+ROW($A6)-1,COLUMN(AR$1)))="","",INDIRECT("beschriftung.!"&ADDRESS(#REF!*12+ROW($A6)-1,COLUMN(AR$1)))) -> #REF! | AS5: =IF(INDIRECT("beschriftung.!"&ADDRESS(#REF!*12+ROW($A6)-1,COLUMN(AS$1)))="","",INDIRECT("beschriftung.!"&ADDRESS(#REF!*12+ROW($A6)-1,COLUMN(AS$1)))) -> #REF! | AT5: =IF(INDIRECT("beschriftung.!"&ADDRESS(#REF!*12+ROW($A6)-1,COLUMN(AT$1)))="","",INDIRECT("beschriftung.!"&ADDRESS(#REF!*12+ROW($A6)-1,COLUMN(AT$1)))) -> #REF! | ... AV5: =IF(INDIRECT("beschriftung.!"&ADDRESS(#REF!*12+ROW($A6)-1,COLUMN(AV$1)))="","",INDIRECT("beschriftung.!"&ADDRESS(#REF!*12+ROW($A6)-1,COLUMN(AV$1)))) -> #REF! | AY5: =IF(INDIRECT("beschriftung.!"&ADDRESS(#REF!*12+ROW($A6)-1,COLUMN(AY$1)))="","",INDIRECT("beschriftung.!"&ADDRESS(#REF!*12+ROW($A6)-1,COLUMN(AY$1)))) -> #REF! | AZ5: =IF(INDIRECT("beschriftung.!"&ADDRESS(#REF!*12+ROW($A6)-1,COLUMN(AZ$1)))="","",INDIRECT("beschriftung.!"&ADDRESS(#REF!*12+ROW($A6)-1,COLUMN(AZ$1)))) -> #REF! | BA5: =INDIRECT("beschriftung!"&ADDRESS(beschriftung!$C$1*12+ROW(beschriftung!$A6)-1,COLUMN(beschriftung!AS$1))) -> Adjustments | BB5: =IF(INDIRECT("beschriftung.!"&ADDRESS(#REF!*12+ROW($A6)-1,COLUMN(BB$1)))="","",INDIRECT("beschriftung.!"&ADDRESS(#REF!*12+ROW($A6)-1,COLUMN(BB$1)))) -> #REF! | BC5: =IF(INDIRECT("beschriftung.!"&ADDRESS(#REF!*12+ROW($A6)-1,COLUMN(BC$1)))="","",INDIRECT("beschriftung.!"&ADDRESS(#REF!*12+ROW($A6)-1,COLUMN(BC$1)))) -> #REF! | BD5: =IF(INDIRECT("beschriftung.!"&ADDRESS(#REF!*12+ROW($A6)-1,COLUMN(BD$1)))="","",INDIRECT("beschriftung.!"&ADDRESS(#REF!*12+ROW($A6)-1,COLUMN(BD$1)))) -> #REF! | BE5: =IF(INDIRECT("beschriftung.!"&ADDRESS(#REF!*12+ROW($A6)-1,COLUMN(BE$1)))="","",INDIRECT("beschriftung.!"&ADDRESS(#REF!*12+ROW($A6)-1,COLUMN(BE$1)))) -> #REF! | BF5: =IF(INDIRECT("beschriftung.!"&ADDRESS(#REF!*12+ROW($A6)-1,COLUMN(BF$1)))="","",INDIRECT("beschriftung.!"&ADDRESS(#REF!*12+ROW($A6)-1,COLUMN(BF$1)))) -> #REF! | BG5: =IF(INDIRECT("beschriftung!"&ADDRESS(beschriftung!$C$1*12+ROW($A6)-1,COLUMN(BG$1)))="","",INDIRECT("beschriftung!"&ADDRESS(beschriftung!$C$1*12+ROW($A6)-1,COLUMN(BG$1)))) | BH5: =IF(INDIRECT("beschriftung!"&ADDRESS(beschriftung!$C$1*12+ROW($A6)-1,COLUMN(BH$1)))="","",INDIRECT("beschriftung!"&ADDRESS(beschriftung!$C$1*12+ROW($A6)-1,COLUMN(BH$1))))
G6: =INDIRECT("beschriftung!"&ADDRESS(beschriftung!$C$1*12+ROW(beschriftung!$A7)-1,COLUMN(beschriftung!E$1))) -> Agriculture, forestry and fishing | I6: =INDIRECT("beschriftung!"&ADDRESS(beschriftung!$C$1*12+ROW(beschriftung!$A7)-1,COLUMN(beschriftung!G$1))) -> Mining and quarrying | K6: =INDIRECT("beschriftung!"&ADDRESS(beschriftung!$C$1*12+ROW(beschriftung!$A7)-1,COLUMN(beschriftung!I$1))) -> Manufacturing | Q6: =INDIRECT("beschriftung!"&ADDRESS(beschriftung!$C$1*12+ROW(beschriftung!$A7)-1,COLUMN(beschriftung!M$1))) -> Electricity, gas, steam and air conditioning supply | S6: =INDIRECT("beschriftung!"&ADDRESS(beschriftung!$C$1*12+ROW(beschriftung!$A7)-1,COLUMN(beschriftung!O$1))) -> Water supply, sewerage, waste management and remediation activities | U6: =INDIRECT("beschriftung!"&ADDRESS(beschriftung!$C$1*12+ROW(beschriftung!$A7)-1,COLUMN(beschriftung!Q$1))) -> Construction | W6: =INDIRECT("beschriftung!"&ADDRESS(beschriftung!$C$1*12+ROW(beschriftung!$A7)-1,COLUMN(beschriftung!S$1))) -> Trade, repair of motor vehicles and motorcycles | AA6: =INDIRECT("beschriftung!"&ADDRESS(beschriftung!$C$1*12+ROW(beschriftung!$A7)-1,COLUMN(beschriftung!W$1))) -> Transportation and storage | AC6: =INDIRECT("beschriftung!"&ADDRESS(beschriftung!$C$1*12+ROW(beschriftung!$A7)-1,COLUMN(beschriftung!Y$1))) -> Accommodation and food service activities | AE6: =INDIRECT("beschriftung!"&ADDRESS(beschriftung!$C$1*12+ROW(beschriftung!$A7)-1,COLUMN(beschriftung!X$1))) -> Information and communication | AG6: =INDIRECT("beschriftung!"&ADDRESS(beschriftung!$C$1*12+ROW(beschriftung!$A7)-1,COLUMN(beschriftung!AA$1))) -> Financial and insurance activities | AM6: =INDIRECT("beschriftung!"&ADDRESS(beschriftung!$C$1*12+ROW(beschriftung!$A7)-1,COLUMN(beschriftung!AE$1))) -> Real estate, professional, scientific, technical activities and administrative services | AO6: =INDIRECT("beschriftung!"&ADDRESS(beschriftung!$C$1*12+ROW(beschriftung!$A7)-1,COLUMN(beschriftung!AG$1))) -> Public administration | AQ6: =INDIRECT("beschriftung!"&ADDRESS(beschriftung!$C$1*12+ROW(beschriftung!$A7)-1,COLUMN(beschriftung!AI$1))) -> Education | AS6: =INDIRECT("beschriftung!"&ADDRESS(beschriftung!$C$1*12+ROW(beschriftung!$A7)-1,COLUMN(beschriftung!AK$1))) -> Human health and social work activities | AU6: =INDIRECT("beschriftung!"&ADDRESS(beschriftung!$C$1*12+ROW(beschriftung!$A7)-1,COLUMN(beschriftung!AM$1))) -> Arts, entertainment and recreation | AW6: =INDIRECT("beschriftung!"&ADDRESS(beschriftung!$C$1*12+ROW(beschriftung!$A7)-1,COLUMN(beschriftung!AO$1))) -> Other service activities | AY6: =INDIRECT("beschriftung!"&ADDRESS(beschriftung!$C$1*12+ROW(beschriftung!$A7)-1,COLUMN(beschriftung!AQ$1))) -> Activities of housholds as employers and producers for own use | BC6: =INDIRECT("beschriftung!"&ADDRESS(beschriftung!$C$1*12+ROW(beschriftung!$A7)-1,COLUMN(beschriftung!AU$1))) -> Taxes on products | BE6: =INDIRECT("beschriftung!"&ADDRESS(beschriftung!$C$1*12+ROW(beschriftung!$A7)-1,COLUMN(beschriftung!AW$1))) -> Subsidies on products
M8: =INDIRECT("beschriftung!"&ADDRESS(beschriftung!$C$1*12+ROW(beschriftung!$A7),COLUMN(beschriftung!J$1))) -> thereof chemicals and pharmaceuticals | O8: =INDIRECT("beschriftung!"&ADDRESS(beschriftung!$C$1*12+ROW(beschriftung!$A7),COLUMN(beschriftung!K$1))) -> thereof other manufacturing | Y8: =INDIRECT("beschriftung!"&ADDRESS(beschriftung!$C$1*12+ROW(beschriftung!$A7),COLUMN(beschriftung!U$1))) -> thereof retail trade | AI8: =INDIRECT("beschriftung!"&ADDRESS(beschriftung!$C$1*12+ROW(beschriftung!$A7),COLUMN(beschriftung!AB$1))) -> thereof financial activities | AK8: =INDIRECT("beschriftung!"&ADDRESS(beschriftung!$C$1*12+ROW(beschriftung!$A7),COLUMN(beschriftung!AC$1))) -> thereof insurance activities
C11: B1GQ | E11: B1G | G11: NOGA 01-03 | I11: NOGA 05-09 | K11: NOGA 10-33 | M11: NOGA 19-21 | O11: NOGA 10-18; 22-33 | Q11: NOGA 35 | S11: NOGA 36-39 | U11: NOGA 41-43 | W11: NOGA 45-47 | Y11: NOGA 47 | AA11: NOGA 49-53 | AC11: NOGA 55-56 | AE11: NOGA 58-63 | AG11: NOGA 64-66 | AI11: NOGA 64 | AK11: NOGA 65 | AM11: NOGA 68-75; 77-82 | AO11: NOGA 84 | AQ11: NOGA 85 | AS11: NOGA 86-88 | AU11: NOGA 90-93 | AW11: NOGA 94-96 | AY11: NOGA 97-98 | BC11: D21 | BE11: D31
A12: 1980 | B12: 1 | C12: 49949.522
A13: 1980 | B13: 2 | C13: 51718.735
A14: 1980 | B14: 3 | C14: 52002.73
A15: 1980 | B15: 4 | C15: 54793.818
A16: 1981 | B16: 1 | C16: 52977.659 | D16: 0.060623949
A17: 1981 | B17: 2 | C17: 55522.014 | D17: 0.073537736
A18: 1981 | B18: 3 | C18: 56051.232 | D18: 0.077851716
A19: 1981 | B19: 4 | C19: 59242.518 | D19: 0.081189828
A20: 1982 | B20: 1 | C20: 57055.029 | D20: 0.076963957
A21: 1982 | B21: 2 | C21: 59324.427 | D21: 0.068484787
A22: 1982 | B22: 3 | C22: 59074.572 | D22: 0.053938874
A23: 1982 | B23: 4 | C23: 61638.11 | D23: 0.040437042
A24: 1983 | B24: 1 | C24: 59277.027 | D24: 0.038944827
A25: 1983 | B25: 2 | C25: 60666.89 | D25: 0.022629169
A26: 1983 | B26: 3 | C26: 60588.291 | D26: 0.025623865
A27: 1983 | B27: 4 | C27: 63722.697 | D27: 0.033819774
... A51: 1989 | B51: 4 | C51: 90562.872 | D51: 0.073541637
A52: 1990 | B52: 1 | C52: 90810.988 | D52: 0.10290247 | E52: 88272.516 | G52: 1951.9506 | I52: 129.40888 | K52: 18024.624 | M52: 2949.9059 | O52: 15074.718 | Q52: 1493.405 | S52: 720.45477 | U52: 7013.395 | W52: 14302.411 | Y52: 4842.7938 | AA52: 3683.9388 | AC52: 1913.6717 | AE52: 4076.9261 | AG52: 6958.1677 | AI52: 2957.0858 | AK52: 3787.8453 | AM52: 12555.49 | AO52: 5678.8525 | AQ52: 3838.8594 | AS52: 3850.4828 | AU52: 298.94116 | AW52: 1489.598 | AY52: 291.93879 | BA52: 2538.4717 | BC52: 4545.6188 | BE52: -2007.1472
A53: 1990 | B53: 2 | C53: 93568.518 | D53: 0.085344841 | E53: 91113.438 | G53: 1947.6899 | I53: 138.59224 | K53: 18553.484 | M53: 2960.5586 | O53: 15592.926 | Q53: 1601.2024 | S53: 736.64237 | U53: 7468.2588 | W53: 15337.666 | Y53: 5190.9114 | AA53: 3691.784 | AC53: 1973.7205 | AE53: 4109.7071 | AG53: 6872.073 | AI53: 2785.0537 | AK53: 3879.2698 | AM53: 12822.731 | AO53: 5861.1524 | AQ53: 3946.0732 | AS53: 3925.6295 | AU53: 298.86514 | AW53: 1525.7537 | AY53: 302.41233 | BA53: 2455.0799 | BC53: 4425.4729 | BE53: -1970.3929
A54: 1990 | B54: 3 | C54: 93527.046 | D54: 0.081758201 | E54: 90971.409 | G54: 1944.4447 | I54: 138.66314 | K54: 18060.898 | M54: 2920.4214 | O54: 15140.477 | Q54: 1508.651 | S54: 742.80554 | U54: 7699.9588 | W54: 14320.738 | Y54: 4946.4442 | AA54: 3734.5054 | AC54: 2320.8762 | AE54: 4178.9786 | AG54: 6954.9954 | AI54: 2811.5136 | AK54: 3937.7474 | AM54: 13085.081 | AO54: 5998.2558 | AQ54: 4098.9863 | AS54: 3997.3805 | AU54: 318.40034 | AW54: 1556.8231 | AY54: 310.96731 | BA54: 2555.6365 | BC54: 4559.9426 | BE54: -2004.3061
A55: 1990 | B55: 4 | C55: 96855.485 | D55: 0.069483361 | E55: 94516.167 | G55: 1933.8518 | I55: 139.69676 | K55: 19244.463 | M55: 2983.8602 | O55: 16260.603 | Q55: 1703.2632 | S55: 738.84543 | U55: 6674.003 | W55: 17299.887 | Y55: 5993.6615 | AA55: 3861.927 | AC55: 1891.6143 | AE55: 4233.1918 | AG55: 6841.2458 | AI55: 2677.4674 | AK55: 3962.7774 | AM55: 13382.224 | AO55: 6154.8709 | AQ55: 4203.3974 | AS55: 4014.7775 | AU55: 334.20289 | AW55: 1546.9142 | AY55: 317.79065 | BA55: 2339.3177 | BC55: 4381.085 | BE55: -2041.7673
A56: 1991 | B56: 1 | C56: 95642.069 | D56: 0.053199304 | E56: 93139.096 | F56: 0.055131314 | G56: 1918.427 | H56: -0.017174403 | I56: 139.81937 | J56: 0.08044646 | K56: 18726.292 | L56: 0.038928323 | M56: 3117.8616 | N56: 0.056935952 | O56: 15608.431 | P56: 0.035404489 | Q56: 1811.8162 | R56: 0.2132116 | S56: 732.58471 | T56: 0.016836496 | U56: 7270.6178 | V56: 0.036675922 | W56: 13991.105 | X56: -0.021765936 | Y56: 4872.3806 | Z56: 0.0061094409 | AA56: 4149.2908 | AB56: 0.12631916 | AC56: 2194.6955 | AD56: 0.14685058 | AE56: 4406.9816 | AF56: 0.080956932 | AG56: 7333.957 | AH56: 0.054006933 | AI56: 3161.7736 | AJ56: 0.069219427 | AK56: 3953.2416 | AL56: 0.043665023 | AM56: 13675.715 | AN56: 0.089221854 | AO56: 6295.7152 | AP56: 0.10862453 | AQ56: 4172.7684 | AR56: 0.086981299 | AS56: 4095.0336 | AT56: 0.063511722 | AU56: 366.5919 | AV56: 0.22630119 | AW56: 1534.9562 | AX56: 0.030449971 | AY56: 322.72863 | AZ56: 0.10546676 | BA56: 2502.9732 | BB56: -0.013984184 | BC56: 4685.0349 | BD56: 0.030670429 | BE56: -2182.0617 | BF56: 0.087145844
A57: 1991 | B57: 2 | C57: 97602.376 | D57: 0.043111278 | E57: 95412.979 | F57: 0.047188881 | G57: 1939.2915 | H57: -0.0043119722 | I57: 152.30202 | J57: 0.098921713 | K57: 19405.177 | L57: 0.045904731 | M57: 3155.3364 | N57: 0.0657909 | O57: 16249.841 | P57: 0.042129034 | Q57: 1761.523 | R57: 0.1001251 | S57: 727.12184 | T57: -0.01292423 | U57: 7611.9823 | V57: 0.019244584 | W57: 14398.761 | X57: -0.06121567 | Y57: 4981.8762 | Z57: -0.040269477 | AA57: 4450.0656 | AB57: 0.20539709 | AC57: 2129.518 | AD57: 0.078935984 | AE57: 4517.7465 | AF57: 0.099286718 | AG57: 7420.143 | AH57: 0.079753228 | AI57: 3227.1742 | AJ57: 0.1587476 | AK57: 3953.1093 | AL57: 0.019034378 | AM57: 13913.111 | AN57: 0.085034968 | AO57: 6403.9119 | AP57: 0.092602865 | AQ57: 4121.0556 | AR57: 0.04434343 | AS57: 4223.0561 | AT57: 0.075765332 | AU57: 381.71976 | AV57: 0.27723078 | AW57: 1528.2693 | AX57: 0.0016487841 | AY57: 328.22347 | AZ57: 0.085350811 | BA57: 2189.3972 | BB57: -0.10821755 | BC57: 4461.9866 | BD57: 0.0082508032 | BE57: -2272.5894 | BF57: 0.15336862
A58: 1991 | B58: 3 | C58: 97494.694 | D58: 0.042422466 | E58: 95231.688 | F58: 0.046830958 | G58: 1911.0484 | H58: -0.017175243 | I58: 148.46829 | J58: 0.070711983 | K58: 18878.051 | L58: 0.045244286 | M58: 3146.9898 | N58: 0.077580728 | O58: 15731.061 | P58: 0.039006964 | Q58: 1795.1199 | R58: 0.18988416 | S58: 723.62255 | T58: -0.02582504 | U58: 7675.5017 | V58: -0.0031762689 | W58: 13528.56 | X58: -0.055316836 | Y58: 4777.105 | Z58: -0.034234539 | AA58: 4614.2218 | AB58: 0.23556438 | AC58: 2496.3819 | AD58: 0.075620477 | AE58: 4568.0865 | AF58: 0.093110787 | AG58: 7386.6121 | AH58: 0.062058517 | AI58: 3180.1819 | AJ58: 0.13112806 | AK58: 3960.3219 | AL58: 0.005732844 | AM58: 14165.49 | AN58: 0.082567944 | AO58: 6509.8712 | AP58: 0.085294036 | AQ58: 4166.3677 | AR58: 0.016438554 | AS58: 4392.9415 | AT58: 0.098955037 | AU58: 401.27689 | AV58: 0.26029037 | AW58: 1535.8993 | AX58: -0.013440081 | AY58: 334.16771 | AZ58: 0.074607212 | BA58: 2263.0061 | BB58: -0.11450392 | BC58: 4609.4528 | BD58: 0.010857628 | BE58: -2346.4467 | BF58: 0.17070275
A59: 1991 | B59: 4 | C59: 100676.39 | D59: 0.039449529 | E59: 98639.38 | F59: 0.043624418 | G59: 1873.8664 | H59: -0.031018586 | I59: 140.49173 | J59: 0.005690664 | K59: 19843.495 | L59: 0.031127468 | M59: 3237.7625 | N59: 0.0850919 | O59: 16605.732 | P59: 0.021224864 | Q59: 1973.0224 | R59: 0.15837784 | S59: 720.4455 | T59: -0.024903635 | U59: 6575.944 | V59: -0.014692692 | W59: 17041.765 | X59: -0.014920434 | Y59: 6001.6702 | Z59: 0.0013362011 | AA59: 4548.4121 | AB59: 0.17775714 | AC59: 2000.372 | AD59: 0.057494661 | AE59: 4565.0013 | AF59: 0.078382819 | AG59: 7340.0366 | AH59: 0.07290936 | AI59: 3123.5776 | AJ59: 0.16661646 | AK59: 3973.0107 | AL59: 0.0025823467 | AM59: 14411.801 | AN59: 0.076936112 | AO59: 6640.8896 | AP59: 0.078964877 | AQ59: 4298.6548 | AR59: 0.022661986 | AS59: 4413.5903 | AT59: 0.099336202 | AU59: 400.77094 | AV59: 0.19918455 | AW59: 1510.9039 | AX59: -0.023278765 | AY59: 339.91807 | AZ59: 0.069628892 | BA59: 2037.0082 | BB59: -0.12922979 | BC59: 4384.6193 | BD59: 0.00080670935 | BE59: -2347.6111 | BF59: 0.14979366
A60: 1992 | B60: 1 | C60: 98942.184 | D60: 0.034504846 | E60: 96581.358 | F60: 0.036958294 | G60: 1816.5036 | H60: -0.053128649 | I60: 125.6223 | J60: -0.10153868 | K60: 19347.074 | L60: 0.0331503 | M60: 3407.5282 | N60: 0.092905528 | O60: 15939.546 | P60: 0.021213896 | Q60: 1992.926 | R60: 0.099960347 | S60: 721.82975 | T60: -0.014680839 | U60: 6878.7515 | V60: -0.053897243 | W60: 14144.647 | X60: 0.010974256 | Y60: 4866.0189 | Z60: -0.0013056708 | AA60: 4457.3207 | AB60: 0.074236748 | AC60: 2282.5076 | AD60: 0.040011057 | AE60: 4597.2487 | AF60: 0.043174029 | AG60: 7762.8222 | AH60: 0.058476634 | AI60: 3526.3438 | AJ60: 0.11530559 | AK60: 3989.3235 | AL60: 0.009127169 | AM60: 14652.245 | AN60: 0.071406163 | AO60: 6786.7912 | AP60: 0.07800162 | AQ60: 4285.3107 | AR60: 0.02697066 | AS60: 4484.7414 | AT60: 0.095165956 | AU60: 393.76361 | AV60: 0.074119778 | AW60: 1507.2731 | AX60: -0.018035154 | AY60: 343.97931 | AZ60: 0.065846882 | BA60: 2360.826 | BB60: -0.056791339 | BC60: 4729.1993 | BD60: 0.0094267053 | BE60: -2368.3733 | BF60: 0.085383307
A61: 1992 | B61: 2 | C61: 100200.69 | D61: 0.026621419 | E61: 98124.428 | F61: 0.028418037 | G61: 1798.1483 | H61: -0.072780793 | I61: 129.30096 | J61: -0.15102267 | K61: 19512.026 | L61: 0.0055061848 | M61: 3393.1935 | N61: 0.075382508 | O61: 16118.832 | P61: -0.0080621516 | Q61: 2025.3122 | R61: 0.14975064 | S61: 721.10748 | T61: -0.0082714551 | U61: 7134.6634 | V61: -0.062706255 | W61: 15093.836 | X61: 0.048273266 | Y61: 5180.0268 | Z61: 0.03977431 | AA61: 4509.7678 | AB61: 0.013416016 | AC61: 2201.4919 | AD61: 0.033798182 | AE61: 4579.783 | AF61: 0.013731754 | AG61: 7563.3486 | AH61: 0.019299573 | AI61: 3290.6072 | AJ61: 0.019655879 | AK61: 4020.96 | AL61: 0.017163886 | AM61: 14848.743 | AN61: 0.067248191 | AO61: 6870.4665 | AP61: 0.072854623 | AQ61: 4247.6366 | AR61: 0.030715666 | AS61: 4608.1007 | AT61: 0.09117677 | AU61: 389.74481 | AV61: 0.021023395 | AW61: 1543.19 | AX61: 0.0097631285 | AY61: 347.76199 | AZ61: 0.059528087 | BA61: 2076.2614 | BB61: -0.051674412 | BC61: 4447.7936 | BD61: -0.003180859 | BE61: -2371.5322 | BF61: 0.043537501
A62: 1992 | B62: 3 | C62: 98954.02 | D62: 0.014968265 | E62: 96896.775 | F62: 0.017484593 | G62: 1790.9087 | H62: -0.062865849 | I62: 127.7174 | J62: -0.13976648 | K62: 18906.952 | L62: 0.0015309404 | M62: 3326.5891 | N62: 0.0570702 | O62: 15580.363 | P62: -0.0095796567 | Q62: 2141.1376 | R62: 0.19275462 | S62: 715.57693 | T62: -0.011118533 | U62: 7096.2614 | V62: -0.075466116 | W62: 14178.809 | X62: 0.048064966 | Y62: 4916.1377 | Z62: 0.02910397 | AA62: 4513.5845 | AB62: -0.021810243 | AC62: 2525.1089 | AD62: 0.011507448 | AE62: 4541.857 | AF62: -0.0057419085 | AG62: 7634.8403 | AH62: 0.03360515 | AI62: 3316.7932 | AJ62: 0.042957074 | AK62: 4072.1506 | AL62: 0.028237281 | AM62: 14841.471 | AN62: 0.047720295 | AO62: 6866.1323 | AP62: 0.054726295 | AQ62: 4347.5473 | AR62: 0.043486221 | AS62: 4465.0027 | AT62: 0.016403856 | AU62: 344.67897 | AV62: -0.14104454 | AW62: 1508.1762 | AX62: -0.018050091 | AY62: 351.01236 | AZ62: 0.050407756 | BA62: 2057.2452 | BB62: -0.090923717 | BC62: 4440.6638 | BD62: -0.036618018 | BE62: -2383.4186 | BF62: 0.015756548
A63: 1992 | B63: 4 | C63: 101459.97 | D63: 0.0077831729 | E63: 99432.564 | F63: 0.0080412528 | G63: 1729.5901 | H63: -0.076993923 | I63: 125.58933 | J63: -0.10607312 | K63: 19452.709 | L63: -0.019693377 | M63: 3368.8889 | N63: 0.040499074 | O63: 16083.82 | P63: -0.031429617 | Q63: 2154.7632 | R63: 0.092112879 | S63: 711.20116 | T63: -0.012831411 | U63: 6394.5509 | V63: -0.027584335 | W63: 17076.219 | X63: 0.0020217077 | Y63: 6012.3374 | Z63: 0.0017773622 | AA63: 4364.6753 | AB63: -0.040395811 | AC63: 2007.1115 | AD63: 0.0033691006 | AE63: 4460.1878 | AF63: -0.022960236 | AG63: 8132.8549 | AH63: 0.10801284 | AI63: 3727.0206 | AJ63: 0.1931897 | AK63: 4145.7835 | AL63: 0.043486627 | AM63: 14810.499 | AN63: 0.027664708 | AO63: 6847.5246 | AP63: 0.031115569 | AQ63: 4528.2697 | AR63: 0.053415534 | AS63: 4488.0921 | AT63: 0.016880097 | AU63: 328.60912 | AV63: -0.18005751 | AW63: 1467.3698 | AX63: -0.028813298 | AY63: 352.74803 | AZ63: 0.037744296 | BA63: 2027.4057 | BB63: -0.0047139987 | BC63: 4387.4382 | BD63: 0.00064290706 | BE63: -2360.0325 | BF63: 0.0052910623
A64: 1993 | B64: 1 | C64: 98779.554 | D64: -0.0016436845 | E64: 96371.297 | F64: -0.0021749684 | G64: 1715.3907 | H64: -0.055663455 | I64: 122.39516 | J64: -0.025689171 | K64: 18929.378 | L64: -0.021589654 | M64: 3543.9363 | N64: 0.040031397 | O64: 15385.441 | P64: -0.034762894 | Q64: 2142.3482 | R64: 0.074976285 | S64: 701.30329 | T64: -0.028436698 | U64: 6340.1253 | V64: -0.078302903 | W64: 13710.959 | X64: -0.030660925 | Y64: 4790.7949 | Z64: -0.015459049 | AA64: 4207.1979 | AB64: -0.056115045 | AC64: 2311.5998 | AD64: 0.012745685 | AE64: 4425.0902 | AF64: -0.037448157 | AG64: 8818.8224 | AH64: 0.13603303 | AI64: 4290.3094 | AJ64: 0.21664524 | AK64: 4243.6159 | AL64: 0.063743224 | AM64: 14797.38 | AN64: 0.0099053201 | AO64: 6890.8525 | AP64: 0.015332923 | AQ64: 4603.0193 | AR64: 0.074138991 | AS64: 4516.7392 | AT64: 0.0071348258 | AU64: 328.98996 | AV64: -0.1644988 | AW64: 1455.2975 | AX64: -0.034483211 | AY64: 354.40815 | AZ64: 0.030318241 | BA64: 2408.2577 | BB64: 0.020091132 | BC64: 4776.4885 | BD64: 0.0099993938 | BE64: -2368.2308 | BF64: -6.0184731e-05
A65: 1993 | B65: 2 | C65: 101557.58 | D65: 0.013541746 | E65: 99295.674 | F65: 0.01193633 | G65: 1664.3749 | H65: -0.074395068 | I65: 130.96422 | J65: 0.012863519 | K65: 19485.24 | L65: -0.0013727543 | M65: 3625.0214 | N65: 0.068321444 | O65: 15860.219 | P65: -0.016044159 | Q65: 2158.0187 | R65: 0.065523961 | S65: 692.38523 | T65: -0.039830748 | U65: 6702.048 | V65: -0.060635715 | W65: 14678.274 | X65: -0.027531879 | Y65: 5109.665 | Z65: -0.013583299 | AA65: 4173.6451 | AB65: -0.07453216 | AC65: 2223.6783 | AD65: 0.010077896 | AE65: 4456.7758 | AF65: -0.026858759 | AG65: 9351.1607 | AH65: 0.23637838 | AI65: 4782.7648 | AJ65: 0.45345967 | AK65: 4265.2978 | AL65: 0.060766014 | AM65: 15244.359 | AN65: 0.026643098 | AO65: 6969.0116 | AP65: 0.014343285 | AQ65: 4563.861 | AR65: 0.074447154 | AS65: 4603.6518 | AT65: -0.00096545947 | AU65: 348.17924 | AV65: -0.10664816 | AW65: 1492.2036 | AX65: -0.033039623 | AY65: 357.84208 | AZ65: 0.028985608 | BA65: 2261.9082 | BB65: 0.089413986 | BC65: 4626.3508 | BD65: 0.040145126 | BE65: -2364.4426 | BF65: -0.0029894476
A66: 1993 | B66: 3 | C66: 102202.9 | D66: 0.03283222 | E66: 99895.237 | F66: 0.030944914 | G66: 1668.9876 | H66: -0.068077803 | I66: 129.83548 | J66: 0.016584162 | K66: 19239.644 | L66: 0.017596249 | M66: 3563.4997 | N66: 0.071217261 | O66: 15676.144 | P66: 0.006147538 | Q66: 2358.548 | R66: 0.10153971 | S66: 728.64718 | T66: 0.018265327 | U66: 6844.8512 | V66: -0.035428542 | W66: 14155.844 | X66: -0.0016196701 | Y66: 4971.2307 | Z66: 0.011206556 | AA66: 4145.0816 | AB66: -0.08164307 | AC66: 2551.4073 | AD66: 0.01041473 | AE66: 4425.9943 | AF66: -0.025509975 | AG66: 9766.6479 | AH66: 0.27922099 | AI66: 5232.2712 | AJ66: 0.57750902 | AK66: 4209.0584 | AL66: 0.033620509 | AM66: 15479.102 | AN66: 0.042962757 | AO66: 6999.7026 | AP66: 0.019453499 | AQ66: 4549.8958 | AR66: 0.046543147 | AS66: 4644.9232 | AT66: 0.040295733 | AU66: 344.54963 | AV66: -0.00037525837 | AW66: 1499.0711 | AX66: -0.0060371767 | AY66: 362.50497 | AZ66: 0.032741349 | BA66: 2307.6629 | BB66: 0.12172477 | BC66: 4681.7426 | BD66: 0.054288905 | BE66: -2374.0797 | BF66: -0.0039182901
A67: 1993 | B67: 4 | C67: 105779.57 | D67: 0.042574419 | E67: 103448.72 | F67: 0.040390778 | G67: 1614.9369 | H67: -0.066289221 | I67: 124.11649 | J67: -0.011727479 | K67: 20351.96 | L67: 0.04622751 | M67: 3629.8266 | N67: 0.077455113 | O67: 16722.133 | P67: 0.039686631 | Q67: 2596.411 | R67: 0.20496352 | S67: 712.79485 | T67: 0.002240835 | U67: 6512.0773 | V67: 0.018379144 | W67: 16993.996 | X67: -0.0048150313 | Y67: 5977.5547 | Z67: -0.0057852143 | AA67: 4087.0548 | AB67: -0.063606218 | AC67: 2018.2405 | AD67: 0.0055447907 | AE67: 4408.8349 | AF67: -0.011513613 | AG67: 9831.8182 | AH67: 0.20890123 | AI67: 5405.6066 | AJ67: 0.4503828 | AK67: 4071.9024 | AL67: -0.017820773 | AM67: 15676.144 | AN67: 0.058448034 | AO67: 7087.1169 | AP67: 0.034989614 | AQ67: 4516.9847 | AR67: -0.0024921303 | AS67: 4670.3505 | AT67: 0.040609327 | AU67: 381.45545 | AV67: 0.1608182 | AW67: 1495.4634 | AX67: 0.01914554 | AY67: 368.96795 | AZ67: 0.045981589 | BA67: 2330.8463 | BB67: 0.14966941 | BC67: 4659.697 | BD67: 0.062054162 | BE67: -2328.8507 | BF67: -0.013212449
... A193: 2025 | B193: 2 | C193: 217323.32 | D193: 0.019529696 | E193: 211732.07 | F193: 0.019010928 | G193: 1331.3827 | H193: 0.050322674 | I193: 185.5285 | J193: 0.029724251 | K193: 42025.77 | L193: 0.014556267 | M193: 17167.956 | N193: 0.047994035 | O193: 24857.814 | P193: -0.0073185299 | Q193: 2832.0157 | R193: -0.055666802 | S193: 645.50837 | T193: -0.0071218501 | U193: 9718.5253 | V193: 0.014042548 | W193: 30252.213 | X193: 0.0098835975 | Y193: 6769.9306 | Z193: 0.013287258 | AA193: 7827.5767 | AB193: 0.040051365 | AC193: 3913.0943 | AD193: 0.031126053 | AE193: 10118.383 | AF193: 0.024463759 | AG193: 18777.572 | AH193: 0.020263487 | AI193: 8434.1601 | AJ193: 0.052668527 | AK193: 6668.378 | AL193: -0.017980387 | AM193: 40116.256 | AN193: 0.03434847 | AO193: 14080.393 | AP193: 0.036741531 | AQ193: 8897.4122 | AR193: 0.02676841 | AS193: 16040.822 | AT193: 0.026233722 | AU193: 1657.6785 | AV193: -0.23741343 | AW193: 2667.7085 | AX193: 0.0095267305 | AY193: 644.23377 | AZ193: 0.0039481274 | BA193: 5591.2503 | BB193: 0.039571043 | BC193: 10335.526 | BD193: 0.025174078 | BE193: -4744.276 | BF193: 0.0087105711

Sheet real_q
A1: =INDIRECT("beschriftung!"&ADDRESS(beschriftung!$C$1*12+ROW(beschriftung!$A1)-1,COLUMN(beschriftung!A$1))) -> ESA 2010, Quarterly aggregates of Gross Domestic Product, production approach, raw data
A2: =INDIRECT("beschriftung!"&ADDRESS(beschriftung!$C$1*12+ROW(beschriftung!$A3)-1,COLUMN(beschriftung!A$1))) -> In Mio. Swiss Francs, at prices of the preceding year, chained values ("annual overlap"), reference year 2020, percentage change to previous year
C4: =INDIRECT("beschriftung!"&ADDRESS(beschriftung!$C$1*12+ROW(beschriftung!$A5)-1,COLUMN(beschriftung!C$1))) -> Gross domestic product | D4: =IF(INDIRECT("beschriftung.!"&ADDRESS(#REF!*12+ROW($A5)-1,COLUMN(D$1)))="","",INDIRECT("beschriftung.!"&ADDRESS(#REF!*12+ROW($A5)-1,COLUMN(D$1)))) -> #REF! | E4: =IF(INDIRECT("beschriftung.!"&ADDRESS(#REF!*12+ROW($A5)-1,COLUMN(E$1)))="","",INDIRECT("beschriftung.!"&ADDRESS(#REF!*12+ROW($A5)-1,COLUMN(E$1)))) -> #REF! | F4: =IF(INDIRECT("beschriftung.!"&ADDRESS(#REF!*12+ROW($A5)-1,COLUMN(F$1)))="","",INDIRECT("beschriftung.!"&ADDRESS(#REF!*12+ROW($A5)-1,COLUMN(F$1)))) -> #REF! | G4: =IF(INDIRECT("beschriftung.!"&ADDRESS(#REF!*12+ROW($A5)-1,COLUMN(G$1)))="","",INDIRECT("beschriftung.!"&ADDRESS(#REF!*12+ROW($A5)-1,COLUMN(G$1)))) -> #REF! | H4: =IF(INDIRECT("beschriftung.!"&ADDRESS(#REF!*12+ROW($A5)-1,COLUMN(H$1)))="","",INDIRECT("beschriftung.!"&ADDRESS(#REF!*12+ROW($A5)-1,COLUMN(H$1)))) -> #REF! | I4: =IF(INDIRECT("beschriftung.!"&ADDRESS(#REF!*12+ROW($A5)-1,COLUMN(I$1)))="","",INDIRECT("beschriftung.!"&ADDRESS(#REF!*12+ROW($A5)-1,COLUMN(I$1)))) -> #REF! | J4: =IF(INDIRECT("beschriftung.!"&ADDRESS(#REF!*12+ROW($A5)-1,COLUMN(J$1)))="","",INDIRECT("beschriftung.!"&ADDRESS(#REF!*12+ROW($A5)-1,COLUMN(J$1)))) -> #REF! | K4: =IF(INDIRECT("beschriftung.!"&ADDRESS(#REF!*12+ROW($A5)-1,COLUMN(K$1)))="","",INDIRECT("beschriftung.!"&ADDRESS(#REF!*12+ROW($A5)-1,COLUMN(K$1)))) -> #REF! | L4: =IF(INDIRECT("beschriftung.!"&ADDRESS(#REF!*12+ROW($A5)-1,COLUMN(L$1)))="","",INDIRECT("beschriftung.!"&ADDRESS(#REF!*12+ROW($A5)-1,COLUMN(L$1)))) -> #REF! | Q4: =IF(INDIRECT("beschriftung.!"&ADDRESS(#REF!*12+ROW($A5)-1,COLUMN(Q$1)))="","",INDIRECT("beschriftung.!"&ADDRESS(#REF!*12+ROW($A5)-1,COLUMN(Q$1)))) -> #REF! | R4: =IF(INDIRECT("beschriftung.!"&ADDRESS(#REF!*12+ROW($A5)-1,COLUMN(R$1)))="","",INDIRECT("beschriftung.!"&ADDRESS(#REF!*12+ROW($A5)-1,COLUMN(R$1)))) -> #REF! | U4: =IF(INDIRECT("beschriftung.!"&ADDRESS(#REF!*12+ROW($A5)-1,COLUMN(U$1)))="","",INDIRECT("beschriftung.!"&ADDRESS(#REF!*12+ROW($A5)-1,COLUMN(U$1)))) -> #REF! | V4: =IF(INDIRECT("beschriftung.!"&ADDRESS(#REF!*12+ROW($A5)-1,COLUMN(V$1)))="","",INDIRECT("beschriftung.!"&ADDRESS(#REF!*12+ROW($A5)-1,COLUMN(V$1)))) -> #REF! | W4: =IF(INDIRECT("beschriftung.!"&ADDRESS(#REF!*12+ROW($A5)-1,COLUMN(W$1)))="","",INDIRECT("beschriftung.!"&ADDRESS(#REF!*12+ROW($A5)-1,COLUMN(W$1)))) -> #REF! | X4: =IF(INDIRECT("beschriftung.!"&ADDRESS(#REF!*12+ROW($A5)-1,COLUMN(X$1)))="","",INDIRECT("beschriftung.!"&ADDRESS(#REF!*12+ROW($A5)-1,COLUMN(X$1)))) -> #REF! | AA4: =IF(INDIRECT("beschriftung.!"&ADDRESS(#REF!*12+ROW($A5)-1,COLUMN(AA$1)))="","",INDIRECT("beschriftung.!"&ADDRESS(#REF!*12+ROW($A5)-1,COLUMN(AA$1)))) -> #REF! | AB4: =IF(INDIRECT("beschriftung.!"&ADDRESS(#REF!*12+ROW($A5)-1,COLUMN(AB$1)))="","",INDIRECT("beschriftung.!"&ADDRESS(#REF!*12+ROW($A5)-1,COLUMN(AB$1)))) -> #REF! | AG4: =IF(INDIRECT("beschriftung.!"&ADDRESS(#REF!*12+ROW($A5)-1,COLUMN(AG$1)))="","",INDIRECT("beschriftung.!"&ADDRESS(#REF!*12+ROW($A5)-1,COLUMN(AG$1)))) -> #REF! | AH4: =IF(INDIRECT("beschriftung.!"&ADDRESS(#REF!*12+ROW($A5)-1,COLUMN(AH$1)))="","",INDIRECT("beschriftung.!"&ADDRESS(#REF!*12+ROW($A5)-1,COLUMN(AH$1)))) -> #REF! | AI4: =IF(INDIRECT("beschriftung.!"&ADDRESS(#REF!*12+ROW($A5)-1,COLUMN(AI$1)))="","",INDIRECT("beschriftung.!"&ADDRESS(#REF!*12+ROW($A5)-1,COLUMN(AI$1)))) -> #REF! | AJ4: =IF(INDIRECT("beschriftung.!"&ADDRESS(#REF!*12+ROW($A5)-1,COLUMN(AJ$1)))="","",INDIRECT("beschriftung.!"&ADDRESS(#REF!*12+ROW($A5)-1,COLUMN(AJ$1)))) -> #REF! | AM4: =IF(INDIRECT("beschriftung.!"&ADDRESS(#REF!*12+ROW($A5)-1,COLUMN(AM$1)))="","",INDIRECT("beschriftung.!"&ADDRESS(#REF!*12+ROW($A5)-1,COLUMN(AM$1)))) -> #REF! | AN4: =IF(INDIRECT("beschriftung.!"&ADDRESS(#REF!*12+ROW($A5)-1,COLUMN(AN$1)))="","",INDIRECT("beschriftung.!"&ADDRESS(#REF!*12+ROW($A5)-1,COLUMN(AN$1)))) -> #REF! | AO4: =IF(INDIRECT("beschriftung.!"&ADDRESS(#REF!*12+ROW($A5)-1,COLUMN(AO$1)))="","",INDIRECT("beschriftung.!"&ADDRESS(#REF!*12+ROW($A5)-1,COLUMN(AO$1)))) -> #REF! | AP4: =IF(INDIRECT("beschriftung.!"&ADDRESS(#REF!*12+ROW($A5)-1,COLUMN(AP$1)))="","",INDIRECT("beschriftung.!"&ADDRESS(#REF!*12+ROW($A5)-1,COLUMN(AP$1)))) -> #REF! | AQ4: =IF(INDIRECT("beschriftung.!"&ADDRESS(#REF!*12+ROW($A5)-1,COLUMN(AQ$1)))="","",INDIRECT("beschriftung.!"&ADDRESS(#REF!*12+ROW($A5)-1,COLUMN(AQ$1)))) -> #REF! | AR4: =IF(INDIRECT("beschriftung.!"&ADDRESS(#REF!*12+ROW($A5)-1,COLUMN(AR$1)))="","",INDIRECT("beschriftung.!"&ADDRESS(#REF!*12+ROW($A5)-1,COLUMN(AR$1)))) -> #REF! | AS4: =IF(INDIRECT("beschriftung.!"&ADDRESS(#REF!*12+ROW($A5)-1,COLUMN(AS$1)))="","",INDIRECT("beschriftung.!"&ADDRESS(#REF!*12+ROW($A5)-1,COLUMN(AS$1)))) -> #REF! | AT4: =IF(INDIRECT("beschriftung.!"&ADDRESS(#REF!*12+ROW($A5)-1,COLUMN(AT$1)))="","",INDIRECT("beschriftung.!"&ADDRESS(#REF!*12+ROW($A5)-1,COLUMN(AT$1)))) -> #REF! | ... AV4: =IF(INDIRECT("beschriftung.!"&ADDRESS(#REF!*12+ROW($A5)-1,COLUMN(AV$1)))="","",INDIRECT("beschriftung.!"&ADDRESS(#REF!*12+ROW($A5)-1,COLUMN(AV$1)))) -> #REF! | AY4: =IF(INDIRECT("beschriftung.!"&ADDRESS(#REF!*12+ROW($A5)-1,COLUMN(AY$1)))="","",INDIRECT("beschriftung.!"&ADDRESS(#REF!*12+ROW($A5)-1,COLUMN(AY$1)))) -> #REF! | AZ4: =IF(INDIRECT("beschriftung.!"&ADDRESS(#REF!*12+ROW($A5)-1,COLUMN(AZ$1)))="","",INDIRECT("beschriftung.!"&ADDRESS(#REF!*12+ROW($A5)-1,COLUMN(AZ$1)))) -> #REF! | BA4: =IF(INDIRECT("beschriftung.!"&ADDRESS(#REF!*12+ROW($A5)-1,COLUMN(BA$1)))="","",INDIRECT("beschriftung.!"&ADDRESS(#REF!*12+ROW($A5)-1,COLUMN(BA$1)))) -> #REF! | BB4: =IF(INDIRECT("beschriftung.!"&ADDRESS(#REF!*12+ROW($A5)-1,COLUMN(BB$1)))="","",INDIRECT("beschriftung.!"&ADDRESS(#REF!*12+ROW($A5)-1,COLUMN(BB$1)))) -> #REF! | BC4: =IF(INDIRECT("beschriftung.!"&ADDRESS(#REF!*12+ROW($A5)-1,COLUMN(BC$1)))="","",INDIRECT("beschriftung.!"&ADDRESS(#REF!*12+ROW($A5)-1,COLUMN(BC$1)))) -> #REF! | BD4: =IF(INDIRECT("beschriftung.!"&ADDRESS(#REF!*12+ROW($A5)-1,COLUMN(BD$1)))="","",INDIRECT("beschriftung.!"&ADDRESS(#REF!*12+ROW($A5)-1,COLUMN(BD$1)))) -> #REF! | BE4: =IF(INDIRECT("beschriftung.!"&ADDRESS(#REF!*12+ROW($A5)-1,COLUMN(BE$1)))="","",INDIRECT("beschriftung.!"&ADDRESS(#REF!*12+ROW($A5)-1,COLUMN(BE$1)))) -> #REF! | BF4: =IF(INDIRECT("beschriftung.!"&ADDRESS(#REF!*12+ROW($A5)-1,COLUMN(BF$1)))="","",INDIRECT("beschriftung.!"&ADDRESS(#REF!*12+ROW($A5)-1,COLUMN(BF$1)))) -> #REF!
E5: =INDIRECT("beschriftung!"&ADDRESS(beschriftung!$C$1*12+ROW(beschriftung!$A6)-1,COLUMN(beschriftung!D$1))) -> Gross value added before adjustments | F5: =IF(INDIRECT("beschriftung.!"&ADDRESS(#REF!*12+ROW($A6)-1,COLUMN(F$1)))="","",INDIRECT("beschriftung.!"&ADDRESS(#REF!*12+ROW($A6)-1,COLUMN(F$1)))) -> #REF! | G5: =IF(INDIRECT("beschriftung.!"&ADDRESS(#REF!*12+ROW($A6)-1,COLUMN(G$1)))="","",INDIRECT("beschriftung.!"&ADDRESS(#REF!*12+ROW($A6)-1,COLUMN(G$1)))) -> #REF! | H5: =IF(INDIRECT("beschriftung.!"&ADDRESS(#REF!*12+ROW($A6)-1,COLUMN(H$1)))="","",INDIRECT("beschriftung.!"&ADDRESS(#REF!*12+ROW($A6)-1,COLUMN(H$1)))) -> #REF! | I5: =IF(INDIRECT("beschriftung.!"&ADDRESS(#REF!*12+ROW($A6)-1,COLUMN(I$1)))="","",INDIRECT("beschriftung.!"&ADDRESS(#REF!*12+ROW($A6)-1,COLUMN(I$1)))) -> #REF! | J5: =IF(INDIRECT("beschriftung.!"&ADDRESS(#REF!*12+ROW($A6)-1,COLUMN(J$1)))="","",INDIRECT("beschriftung.!"&ADDRESS(#REF!*12+ROW($A6)-1,COLUMN(J$1)))) -> #REF! | K5: =IF(INDIRECT("beschriftung.!"&ADDRESS(#REF!*12+ROW($A6)-1,COLUMN(K$1)))="","",INDIRECT("beschriftung.!"&ADDRESS(#REF!*12+ROW($A6)-1,COLUMN(K$1)))) -> #REF! | L5: =IF(INDIRECT("beschriftung.!"&ADDRESS(#REF!*12+ROW($A6)-1,COLUMN(L$1)))="","",INDIRECT("beschriftung.!"&ADDRESS(#REF!*12+ROW($A6)-1,COLUMN(L$1)))) -> #REF! | Q5: =IF(INDIRECT("beschriftung.!"&ADDRESS(#REF!*12+ROW($A6)-1,COLUMN(Q$1)))="","",INDIRECT("beschriftung.!"&ADDRESS(#REF!*12+ROW($A6)-1,COLUMN(Q$1)))) -> #REF! | R5: =IF(INDIRECT("beschriftung.!"&ADDRESS(#REF!*12+ROW($A6)-1,COLUMN(R$1)))="","",INDIRECT("beschriftung.!"&ADDRESS(#REF!*12+ROW($A6)-1,COLUMN(R$1)))) -> #REF! | U5: =IF(INDIRECT("beschriftung.!"&ADDRESS(#REF!*12+ROW($A6)-1,COLUMN(U$1)))="","",INDIRECT("beschriftung.!"&ADDRESS(#REF!*12+ROW($A6)-1,COLUMN(U$1)))) -> #REF! | V5: =IF(INDIRECT("beschriftung.!"&ADDRESS(#REF!*12+ROW($A6)-1,COLUMN(V$1)))="","",INDIRECT("beschriftung.!"&ADDRESS(#REF!*12+ROW($A6)-1,COLUMN(V$1)))) -> #REF! | W5: =IF(INDIRECT("beschriftung.!"&ADDRESS(#REF!*12+ROW($A6)-1,COLUMN(W$1)))="","",INDIRECT("beschriftung.!"&ADDRESS(#REF!*12+ROW($A6)-1,COLUMN(W$1)))) -> #REF! | X5: =IF(INDIRECT("beschriftung.!"&ADDRESS(#REF!*12+ROW($A6)-1,COLUMN(X$1)))="","",INDIRECT("beschriftung.!"&ADDRESS(#REF!*12+ROW($A6)-1,COLUMN(X$1)))) -> #REF! | AA5: =IF(INDIRECT("beschriftung.!"&ADDRESS(#REF!*12+ROW($A6)-1,COLUMN(AA$1)))="","",INDIRECT("beschriftung.!"&ADDRESS(#REF!*12+ROW($A6)-1,COLUMN(AA$1)))) -> #REF! | AB5: =IF(INDIRECT("beschriftung.!"&ADDRESS(#REF!*12+ROW($A6)-1,COLUMN(AB$1)))="","",INDIRECT("beschriftung.!"&ADDRESS(#REF!*12+ROW($A6)-1,COLUMN(AB$1)))) -> #REF! | AG5: =IF(INDIRECT("beschriftung.!"&ADDRESS(#REF!*12+ROW($A6)-1,COLUMN(AG$1)))="","",INDIRECT("beschriftung.!"&ADDRESS(#REF!*12+ROW($A6)-1,COLUMN(AG$1)))) -> #REF! | AH5: =IF(INDIRECT("beschriftung.!"&ADDRESS(#REF!*12+ROW($A6)-1,COLUMN(AH$1)))="","",INDIRECT("beschriftung.!"&ADDRESS(#REF!*12+ROW($A6)-1,COLUMN(AH$1)))) -> #REF! | AI5: =IF(INDIRECT("beschriftung.!"&ADDRESS(#REF!*12+ROW($A6)-1,COLUMN(AI$1)))="","",INDIRECT("beschriftung.!"&ADDRESS(#REF!*12+ROW($A6)-1,COLUMN(AI$1)))) -> #REF! | AJ5: =IF(INDIRECT("beschriftung.!"&ADDRESS(#REF!*12+ROW($A6)-1,COLUMN(AJ$1)))="","",INDIRECT("beschriftung.!"&ADDRESS(#REF!*12+ROW($A6)-1,COLUMN(AJ$1)))) -> #REF! | AM5: =IF(INDIRECT("beschriftung.!"&ADDRESS(#REF!*12+ROW($A6)-1,COLUMN(AM$1)))="","",INDIRECT("beschriftung.!"&ADDRESS(#REF!*12+ROW($A6)-1,COLUMN(AM$1)))) -> #REF! | AN5: =IF(INDIRECT("beschriftung.!"&ADDRESS(#REF!*12+ROW($A6)-1,COLUMN(AN$1)))="","",INDIRECT("beschriftung.!"&ADDRESS(#REF!*12+ROW($A6)-1,COLUMN(AN$1)))) -> #REF! | AO5: =IF(INDIRECT("beschriftung.!"&ADDRESS(#REF!*12+ROW($A6)-1,COLUMN(AO$1)))="","",INDIRECT("beschriftung.!"&ADDRESS(#REF!*12+ROW($A6)-1,COLUMN(AO$1)))) -> #REF! | AP5: =IF(INDIRECT("beschriftung.!"&ADDRESS(#REF!*12+ROW($A6)-1,COLUMN(AP$1)))="","",INDIRECT("beschriftung.!"&ADDRESS(#REF!*12+ROW($A6)-1,COLUMN(AP$1)))) -> #REF! | AQ5: =IF(INDIRECT("beschriftung.!"&ADDRESS(#REF!*12+ROW($A6)-1,COLUMN(AQ$1)))="","",INDIRECT("beschriftung.!"&ADDRESS(#REF!*12+ROW($A6)-1,COLUMN(AQ$1)))) -> #REF! | AR5: =IF(INDIRECT("beschriftung.!"&ADDRESS(#REF!*12+ROW($A6)-1,COLUMN(AR$1)))="","",INDIRECT("beschriftung.!"&ADDRESS(#REF!*12+ROW($A6)-1,COLUMN(AR$1)))) -> #REF! | AS5: =IF(INDIRECT("beschriftung.!"&ADDRESS(#REF!*12+ROW($A6)-1,COLUMN(AS$1)))="","",INDIRECT("beschriftung.!"&ADDRESS(#REF!*12+ROW($A6)-1,COLUMN(AS$1)))) -> #REF! | AT5: =IF(INDIRECT("beschriftung.!"&ADDRESS(#REF!*12+ROW($A6)-1,COLUMN(AT$1)))="","",INDIRECT("beschriftung.!"&ADDRESS(#REF!*12+ROW($A6)-1,COLUMN(AT$1)))) -> #REF! | ... AV5: =IF(INDIRECT("beschriftung.!"&ADDRESS(#REF!*12+ROW($A6)-1,COLUMN(AV$1)))="","",INDIRECT("beschriftung.!"&ADDRESS(#REF!*12+ROW($A6)-1,COLUMN(AV$1)))) -> #REF! | AY5: =IF(INDIRECT("beschriftung.!"&ADDRESS(#REF!*12+ROW($A6)-1,COLUMN(AY$1)))="","",INDIRECT("beschriftung.!"&ADDRESS(#REF!*12+ROW($A6)-1,COLUMN(AY$1)))) -> #REF! | AZ5: =IF(INDIRECT("beschriftung.!"&ADDRESS(#REF!*12+ROW($A6)-1,COLUMN(AZ$1)))="","",INDIRECT("beschriftung.!"&ADDRESS(#REF!*12+ROW($A6)-1,COLUMN(AZ$1)))) -> #REF! | BA5: =INDIRECT("beschriftung!"&ADDRESS(beschriftung!$C$1*12+ROW(beschriftung!$A6)-1,COLUMN(beschriftung!AS$1))) -> Adjustments | BB5: =IF(INDIRECT("beschriftung.!"&ADDRESS(#REF!*12+ROW($A6)-1,COLUMN(BB$1)))="","",INDIRECT("beschriftung.!"&ADDRESS(#REF!*12+ROW($A6)-1,COLUMN(BB$1)))) -> #REF! | BC5: =IF(INDIRECT("beschriftung.!"&ADDRESS(#REF!*12+ROW($A6)-1,COLUMN(BC$1)))="","",INDIRECT("beschriftung.!"&ADDRESS(#REF!*12+ROW($A6)-1,COLUMN(BC$1)))) -> #REF! | BD5: =IF(INDIRECT("beschriftung.!"&ADDRESS(#REF!*12+ROW($A6)-1,COLUMN(BD$1)))="","",INDIRECT("beschriftung.!"&ADDRESS(#REF!*12+ROW($A6)-1,COLUMN(BD$1)))) -> #REF! | BE5: =IF(INDIRECT("beschriftung.!"&ADDRESS(#REF!*12+ROW($A6)-1,COLUMN(BE$1)))="","",INDIRECT("beschriftung.!"&ADDRESS(#REF!*12+ROW($A6)-1,COLUMN(BE$1)))) -> #REF! | BF5: =IF(INDIRECT("beschriftung.!"&ADDRESS(#REF!*12+ROW($A6)-1,COLUMN(BF$1)))="","",INDIRECT("beschriftung.!"&ADDRESS(#REF!*12+ROW($A6)-1,COLUMN(BF$1)))) -> #REF!
G6: =INDIRECT("beschriftung!"&ADDRESS(beschriftung!$C$1*12+ROW(beschriftung!$A7)-1,COLUMN(beschriftung!E$1))) -> Agriculture, forestry and fishing | I6: =INDIRECT("beschriftung!"&ADDRESS(beschriftung!$C$1*12+ROW(beschriftung!$A7)-1,COLUMN(beschriftung!G$1))) -> Mining and quarrying | K6: =INDIRECT("beschriftung!"&ADDRESS(beschriftung!$C$1*12+ROW(beschriftung!$A7)-1,COLUMN(beschriftung!I$1))) -> Manufacturing | Q6: =INDIRECT("beschriftung!"&ADDRESS(beschriftung!$C$1*12+ROW(beschriftung!$A7)-1,COLUMN(beschriftung!M$1))) -> Electricity, gas, steam and air conditioning supply | S6: =INDIRECT("beschriftung!"&ADDRESS(beschriftung!$C$1*12+ROW(beschriftung!$A7)-1,COLUMN(beschriftung!O$1))) -> Water supply, sewerage, waste management and remediation activities | U6: =INDIRECT("beschriftung!"&ADDRESS(beschriftung!$C$1*12+ROW(beschriftung!$A7)-1,COLUMN(beschriftung!Q$1))) -> Construction | W6: =INDIRECT("beschriftung!"&ADDRESS(beschriftung!$C$1*12+ROW(beschriftung!$A7)-1,COLUMN(beschriftung!S$1))) -> Trade, repair of motor vehicles and motorcycles | AA6: =INDIRECT("beschriftung!"&ADDRESS(beschriftung!$C$1*12+ROW(beschriftung!$A7)-1,COLUMN(beschriftung!W$1))) -> Transportation and storage | AC6: =INDIRECT("beschriftung!"&ADDRESS(beschriftung!$C$1*12+ROW(beschriftung!$A7)-1,COLUMN(beschriftung!Y$1))) -> Accommodation and food service activities | AE6: =INDIRECT("beschriftung!"&ADDRESS(beschriftung!$C$1*12+ROW(beschriftung!$A7)-1,COLUMN(beschriftung!X$1))) -> Information and communication | AG6: =INDIRECT("beschriftung!"&ADDRESS(beschriftung!$C$1*12+ROW(beschriftung!$A7)-1,COLUMN(beschriftung!AA$1))) -> Financial and insurance activities | AM6: =INDIRECT("beschriftung!"&ADDRESS(beschriftung!$C$1*12+ROW(beschriftung!$A7)-1,COLUMN(beschriftung!AE$1))) -> Real estate, professional, scientific, technical activities and administrative services | AO6: =INDIRECT("beschriftung!"&ADDRESS(beschriftung!$C$1*12+ROW(beschriftung!$A7)-1,COLUMN(beschriftung!AG$1))) -> Public administration | AQ6: =INDIRECT("beschriftung!"&ADDRESS(beschriftung!$C$1*12+ROW(beschriftung!$A7)-1,COLUMN(beschriftung!AI$1))) -> Education | AS6: =INDIRECT("beschriftung!"&ADDRESS(beschriftung!$C$1*12+ROW(beschriftung!$A7)-1,COLUMN(beschriftung!AK$1))) -> Human health and social work activities | AU6: =INDIRECT("beschriftung!"&ADDRESS(beschriftung!$C$1*12+ROW(beschriftung!$A7)-1,COLUMN(beschriftung!AM$1))) -> Arts, entertainment and recreation | AW6: =INDIRECT("beschriftung!"&ADDRESS(beschriftung!$C$1*12+ROW(beschriftung!$A7)-1,COLUMN(beschriftung!AO$1))) -> Other service activities | AY6: =INDIRECT("beschriftung!"&ADDRESS(beschriftung!$C$1*12+ROW(beschriftung!$A7)-1,COLUMN(beschriftung!AQ$1))) -> Activities of housholds as employers and producers for own use | BC6: =INDIRECT("beschriftung!"&ADDRESS(beschriftung!$C$1*12+ROW(beschriftung!$A7)-1,COLUMN(beschriftung!AU$1))) -> Taxes on products | BE6: =INDIRECT("beschriftung!"&ADDRESS(beschriftung!$C$1*12+ROW(beschriftung!$A7)-1,COLUMN(beschriftung!AW$1))) -> Subsidies on products
M8: =INDIRECT("beschriftung!"&ADDRESS(beschriftung!$C$1*12+ROW(beschriftung!$A7),COLUMN(beschriftung!J$1))) -> thereof chemicals and pharmaceuticals | O8: =INDIRECT("beschriftung!"&ADDRESS(beschriftung!$C$1*12+ROW(beschriftung!$A7),COLUMN(beschriftung!K$1))) -> thereof other manufacturing | Y8: =INDIRECT("beschriftung!"&ADDRESS(beschriftung!$C$1*12+ROW(beschriftung!$A7),COLUMN(beschriftung!U$1))) -> thereof retail trade | AI8: =INDIRECT("beschriftung!"&ADDRESS(beschriftung!$C$1*12+ROW(beschriftung!$A7),COLUMN(beschriftung!AB$1))) -> thereof financial activities | AK8: =INDIRECT("beschriftung!"&ADDRESS(beschriftung!$C$1*12+ROW(beschriftung!$A7),COLUMN(beschriftung!AC$1))) -> thereof insurance activities
C11: B1GQ | E11: B1G | G11: NOGA 01-03 | I11: NOGA 05-09 | K11: NOGA 10-33 | M11: NOGA 19-21 | O11: NOGA 10-18; 22-33 | Q11: NOGA 35 | S11: NOGA 36-39 | U11: NOGA 41-43 | W11: NOGA 45-47 | Y11: NOGA 47 | AA11: NOGA 49-53 | AC11: NOGA 55-56 | AE11: NOGA 58-63 | AG11: NOGA 64-66 | AI11: NOGA 64 | AK11: NOGA 65 | AM11: NOGA 68-75; 77-82 | AO11: NOGA 84 | AQ11: NOGA 85 | AS11: NOGA 86-88 | AU11: NOGA 90-93 | AW11: NOGA 94-96 | AY11: NOGA 97-98 | BC11: D21 | BE11: D31
A12: 1980 | B12: 1 | C12: 89202.399
A13: 1980 | B13: 2 | C13: 91839.7
A14: 1980 | B14: 3 | C14: 91077.899
A15: 1980 | B15: 4 | C15: 95603.79
A16: 1981 | B16: 1 | C16: 90183.601 | D16: 0.010999723
A17: 1981 | B17: 2 | C17: 93716.463 | D17: 0.020435211
A18: 1981 | B18: 3 | C18: 92951.665 | D18: 0.020573229
A19: 1981 | B19: 4 | C19: 96760.551 | D19: 0.012099533
A20: 1982 | B20: 1 | C20: 90694.538 | D20: 0.0056655212
A21: 1982 | B21: 2 | C21: 92530.262 | D21: -0.012657346
A22: 1982 | B22: 3 | C22: 90924.24 | D22: -0.021811611
A23: 1982 | B23: 4 | C23: 94571.097 | D23: -0.02262755
A24: 1983 | B24: 1 | C24: 90386.127 | D24: -0.0034005457
A25: 1983 | B25: 2 | C25: 92476.622 | D25: -0.00057969777
A26: 1983 | B26: 3 | C26: 92015.746 | D26: 0.012004566
A27: 1983 | B27: 4 | C27: 96198.056 | D27: 0.017203556
... A51: 1989 | B51: 4 | C51: 114752.64 | D51: 0.035104722
A52: 1990 | B52: 1 | C52: 112647.09 | D52: 0.059643013 | E52: 110264.64 | G52: 1283.4175 | I52: 185.19496 | K52: 17376.43 | M52: 1360.5686 | O52: 19041.877 | Q52: 3292.8503 | S52: 316.41667 | U52: 9019.4671 | W52: 15629.081 | Y52: 4439.8349 | AA52: 5988.2867 | AC52: 3591.1296 | AE52: 4240.9433 | AG52: 6530.8012 | AI52: 3941.9496 | AK52: 2070.8627 | AM52: 22275.518 | AO52: 8574.5175 | AQ52: 6717.7655 | AS52: 5594.2969 | AU52: 729.23385 | AW52: 3265.4997 | AY52: 414.8191 | BA52: 2565.5777 | BC52: 5354.1077 | BE52: -2946.1081
A53: 1990 | B53: 2 | C53: 114837.06 | D53: 0.039481974 | E53: 112309.5 | G53: 1265.1256 | I53: 201.108 | K53: 17548.503 | M53: 1364.2104 | O53: 19257.508 | Q53: 3420.5697 | S53: 322.47115 | U53: 9477.8465 | W53: 16725.745 | Y53: 4749.4999 | AA53: 5885.6608 | AC53: 3612.5286 | AE53: 4252.763 | AG53: 6406.3478 | AI53: 3709.6681 | AK53: 2102.0849 | AM53: 22399.121 | AO53: 8697.2624 | AQ53: 6863.923 | AS53: 5632.9962 | AU53: 709.94437 | AW53: 3229.8747 | AY53: 422.28163 | BA53: 2705.064 | BC53: 5432.9246 | BE53: -2858.4613
A54: 1990 | B54: 3 | C54: 113855.43 | D54: 0.032301057 | E54: 111368.05 | G54: 1251.2669 | I54: 203.50678 | K54: 17088.056 | M54: 1340.8339 | O54: 18718.032 | Q54: 3326.6311 | S54: 331.04014 | U54: 9905.7591 | W54: 15505.686 | Y54: 4530.1973 | AA54: 5919.1684 | AC54: 4259.9741 | AE54: 4298.1488 | AG54: 6379.938 | AI54: 3623.0808 | AK54: 2127.4265 | AM54: 22527.481 | AO54: 8795.9304 | AQ54: 6930.3627 | AS54: 5635.6711 | AU54: 742.76229 | AW54: 3225.1164 | AY54: 426.4414 | BA54: 2665.0948 | BC54: 5398.2461 | BE54: -2869.4573
A55: 1990 | B55: 4 | C55: 116723.34 | D55: 0.017173436 | E55: 114171.08 | G55: 1248.3392 | I55: 205.40187 | K55: 18284.845 | M55: 1358.5916 | O55: 20238.614 | Q55: 3455.881 | S55: 341.43032 | U55: 8420.8577 | W55: 18395.35 | Y55: 5437.1447 | AA55: 5993.0191 | AC55: 3395.7088 | AE55: 4323.8954 | AG55: 6177.3011 | AI55: 3317.3289 | AK55: 2146.8686 | AM55: 22501.727 | AO55: 8867.3163 | AQ55: 6917.1463 | AS55: 5639.4367 | AU55: 769.77938 | AW55: 3117.5597 | AY55: 427.21225 | BA55: 2734.2387 | BC55: 5483.2402 | BE55: -2879.6244
A56: 1991 | B56: 1 | C56: 112414.74 | D56: -0.0020626473 | E56: 110130.59 | F56: -0.0012156642 | G56: 1245.9315 | H56: -0.029207911 | I56: 184.11832 | J56: -0.0058135622 | K56: 17471.392 | L56: 0.00546497 | M56: 1407.635 | N56: 0.034593202 | O56: 19039.329 | P56: -0.00013383604 | Q56: 3530.69 | R56: 0.072229115 | S56: 352.55696 | T56: 0.11421739 | U56: 8849.5391 | V56: -0.018840136 | W56: 14501.94 | X56: -0.072118196 | Y56: 4274.9005 | Z56: -0.03714876 | AA56: 6329.1579 | AB56: 0.056922995 | AC56: 3796.372 | AD56: 0.057152586 | AE56: 4341.0445 | AF56: 0.023603524 | AG56: 6606.2094 | AH56: 0.011546559 | AI56: 3857.579 | AJ56: -0.02140326 | AK56: 2160.1293 | AL56: 0.043105963 | AM56: 22524.397 | AN56: 0.011172775 | AO56: 8854.4642 | AP56: 0.032648684 | AQ56: 6824.2615 | AR56: 0.015852888 | AS56: 5654.8088 | AT56: 0.010816711 | AU56: 814.2285 | AV56: 0.11655335 | AW56: 2966.5854 | AX56: -0.091537065 | AY56: 424.46264 | AZ56: 0.023247565 | BA56: 2480.0613 | BB56: -0.033332243 | BC56: 5322.0845 | BD56: -0.0059810603 | BE56: -3025.4053 | BF56: 0.026915925
A57: 1991 | B57: 2 | C57: 113345.49 | D57: -0.012988537 | E57: 111122.11 | F57: -0.010572529 | G57: 1250.4509 | H57: -0.011599425 | I57: 204.51279 | J57: 0.016930165 | K57: 17780.168 | L57: 0.013201408 | M57: 1427.7621 | N57: 0.046584945 | O57: 19388.694 | P57: 0.0068122355 | Q57: 3368.8125 | R57: -0.015131145 | S57: 362.80708 | T57: 0.12508384 | U57: 9224.0311 | V57: -0.026779865 | W57: 14806.478 | X57: -0.11474929 | Y57: 4391.3825 | Z57: -0.075401072 | AA57: 6555.7237 | AB57: 0.11384666 | AC57: 3608.6926 | AD57: -0.001061875 | AE57: 4358.6433 | AF57: 0.024896834 | AG57: 6685.0861 | AH57: 0.043509704 | AI57: 3889.5941 | AJ57: 0.048501909 | AK57: 2185.1495 | AL57: 0.039515322 | AM57: 22368.286 | AN57: -0.0013766058 | AO57: 8838.1786 | AP57: 0.016202358 | AQ57: 6753.4561 | AR57: -0.016093847 | AS57: 5673.8729 | AT57: 0.0072566621 | AU57: 784.09706 | AV57: 0.1044486 | AW57: 2841.1953 | AX57: -0.12033885 | AY57: 422.49613 | AZ57: 0.00050795491 | BA57: 2430.5992 | BB57: -0.10146332 | BC57: 5329.7632 | BD57: -0.018988186 | BE57: -3100.5523 | BF57: 0.084692744
A58: 1991 | B58: 3 | C58: 112345.78 | D58: -0.013259338 | E58: 110228.26 | F58: -0.010234438 | G58: 1256.6457 | H58: 0.0042986442 | I58: 202.44965 | J58: -0.0051945342 | K58: 17246.917 | L58: 0.0092966335 | M58: 1428.6155 | N58: 0.065467934 | O58: 18688.797 | P58: -0.0015618635 | Q58: 3427.186 | R58: 0.030227257 | S58: 375.0574 | T58: 0.13296654 | U58: 9486.3651 | V58: -0.042338402 | W58: 13871.555 | X58: -0.10538913 | Y58: 4250.4705 | Z58: -0.06174716 | AA58: 6720.9483 | AB58: 0.13545481 | AC58: 4245.7997 | AD58: -0.0033273484 | AE58: 4382.9401 | AF58: 0.019727393 | AG58: 6651.5702 | AH58: 0.042576002 | AI58: 3753.0523 | AJ58: 0.035873216 | AK58: 2221.8959 | AL58: 0.044405489 | AM58: 22375.832 | AN58: -0.0067317313 | AO58: 8867.0614 | AP58: 0.0080868128 | AQ58: 6704.6644 | AR58: -0.032566597 | AS58: 5686.652 | AT58: 0.0090461114 | AU58: 792.96024 | AV58: 0.067582793 | AW58: 2805.2535 | AX58: -0.13018535 | AY58: 421.38784 | AZ58: -0.011850544 | BA58: 2333.3776 | BB58: -0.12446731 | BC58: 5265.4089 | BD58: -0.024607474 | BE58: -3153.6912 | BF58: 0.099054912
A59: 1991 | B59: 4 | C59: 115761.89 | D59: -0.0082370146 | E59: 113549.24 | F59: -0.0054466175 | G59: 1266.5496 | H59: 0.014587675 | I59: 193.66686 | J59: -0.057131935 | K59: 18238.984 | L59: -0.0025081449 | M59: 1457.5768 | N59: 0.072858644 | O59: 19908.074 | P59: -0.016332141 | Q59: 3581.8521 | R59: 0.036451226 | S59: 388.18395 | T59: 0.13693462 | U59: 8142.2314 | V59: -0.033087636 | W59: 17325.446 | X59: -0.058161659 | Y59: 5306.6632 | Z59: -0.023998166 | AA59: 6706.5454 | AB59: 0.11905957 | AC59: 3360.5092 | AD59: -0.010365889 | AE59: 4360.0178 | AF59: 0.0083541337 | AG59: 6613.2689 | AH59: 0.070575772 | AI59: 3590.4285 | AJ59: 0.082325139 | AK59: 2270.8579 | AL59: 0.057753594 | AM59: 22367.18 | AN59: -0.0059793979 | AO59: 8898.0605 | AP59: 0.0034671354 | AQ59: 6677.8412 | AR59: -0.034595936 | AS59: 5697.801 | AT59: 0.010349296 | AU59: 776.40958 | AV59: 0.0086131185 | AW59: 2731.2893 | AX59: -0.12390153 | AY59: 421.12326 | AZ59: -0.014252861 | BA59: 2431.3356 | BB59: -0.11078154 | BC59: 5340.466 | BD59: -0.026038299 | BE59: -3112.3094 | BF59: 0.080803955
A60: 1992 | B60: 1 | C60: 112514.88 | D60: 0.0008908615 | E60: 110431.54 | F60: 0.0027326727 | G60: 1293.8716 | H60: 0.038477278 | I60: 163.2807 | J60: -0.11317515 | K60: 17795.18 | L60: 0.01853246 | M60: 1535.5309 | N60: 0.090858689 | O60: 19121.607 | P60: 0.004321498 | Q60: 3553.1323 | R60: 0.0063563463 | S60: 399.754 | T60: 0.13387068 | U60: 8460.3925 | V60: -0.043973652 | W60: 14191.684 | X60: -0.021394079 | Y60: 4183.9062 | Z60: -0.021285709 | AA60: 6691.561 | AB60: 0.057259295 | AC60: 3719.0514 | AD60: -0.020366971 | AE60: 4331.2374 | AF60: -0.0022591469 | AG60: 6968.8694 | AH60: 0.054896834 | AI60: 3946.0524 | AJ60: 0.02293494 | AK60: 2333.0694 | AL60: 0.080060066 | AM60: 22437.652 | AN60: -0.0038511763 | AO60: 8910.5875 | AP60: 0.0063384159 | AQ60: 6672.9615 | AR60: -0.022170897 | AS60: 5706.375 | AT60: 0.0091189903 | AU60: 747.96025 | AV60: -0.08138778 | AW60: 2697.1528 | AX60: -0.090822462 | AY60: 420.78242 | AZ60: -0.0086703069 | BA60: 2299.1107 | BB60: -0.07296214 | BC60: 5186.981 | BD60: -0.025385441 | BE60: -3101.3984 | BF60: 0.025118333
A61: 1992 | B61: 2 | C61: 113842.78 | D61: 0.0043873574 | E61: 111726.59 | F61: 0.0054398366 | G61: 1299.4469 | H61: 0.039182721 | I61: 169.99586 | J61: -0.16877642 | K61: 17911.281 | L61: 0.0073741091 | M61: 1533.4821 | N61: 0.07404595 | O61: 19278.394 | P61: -0.0056889031 | Q61: 3571.5979 | R61: 0.060194899 | S61: 406.76958 | T61: 0.12117323 | U61: 8883.4652 | V61: -0.036921589 | W61: 15056.489 | X61: 0.016885285 | Y61: 4452.451 | Z61: 0.013906434 | AA61: 6724.203 | AB61: 0.025699579 | AC61: 3526.937 | AD61: -0.022655179 | AE61: 4280.9625 | AF61: -0.017822254 | AG61: 6825.572 | AH61: 0.021014824 | AI61: 3653.7457 | AJ61: -0.060635729 | AK61: 2382.0725 | AL61: 0.090118782 | AM61: 22445.108 | AN61: 0.0034344031 | AO61: 8898.2403 | AP61: 0.0067957141 | AQ61: 6696.7873 | AR61: -0.0083910746 | AS61: 5785.8398 | AT61: 0.019733767 | AU61: 730.94369 | AV61: -0.067789273 | AW61: 2701.1527 | AX61: -0.04929002 | AY61: 420.19492 | AZ61: -0.0054467176 | BA61: 2333.8836 | BB61: -0.039790855 | BC61: 5198.4073 | BD61: -0.02464573 | BE61: -3070.8311 | BF61: -0.009585785
A62: 1992 | B62: 3 | C62: 112384.67 | D62: 0.0003461391 | E62: 110317.41 | F62: 0.00080873575 | G62: 1290.3734 | H62: 0.026839516 | I62: 167.52365 | J62: -0.17251699 | K62: 17303.609 | L62: 0.0032870683 | M62: 1499.4562 | N62: 0.049586944 | O62: 18576.56 | P62: -0.006005589 | Q62: 3658.0999 | R62: 0.067377121 | S62: 412.71552 | T62: 0.10040628 | U62: 9048.6805 | V62: -0.046138279 | W62: 14274.731 | X62: 0.029064926 | Y62: 4304.8929 | Z62: 0.01280387 | AA62: 6736.2384 | AB62: 0.0022749946 | AC62: 4059.2314 | AD62: -0.043941842 | AE62: 4214.5659 | AF62: -0.038415802 | AG62: 6904.5689 | AH62: 0.038035936 | AI62: 3694.6389 | AJ62: -0.015564235 | AK62: 2418.9029 | AL62: 0.088666167 | AM62: 22270.602 | AN62: -0.0047028826 | AO62: 8846.1077 | AP62: -0.002363093 | AQ62: 6749.3408 | AR62: 0.0066634787 | AS62: 5630.7806 | AT62: -0.0098249963 | AU62: 659.18383 | AV62: -0.16870507 | AW62: 2629.58 | AX62: -0.062623052 | AY62: 420.12402 | AZ62: -0.0029991979 | BA62: 2283.8154 | BB62: -0.021240524 | BC62: 5130.2794 | BD62: -0.025663634 | BE62: -3055.1111 | BF62: -0.031258644
A63: 1992 | B63: 4 | C63: 114927.08 | D63: -0.0072114447 | E63: 112745.03 | F63: -0.0070824424 | G63: 1280.4787 | H63: 0.010997679 | I63: 163.18726 | J63: -0.15738162 | K63: 17779.324 | L63: -0.025202072 | M63: 1508.2142 | N63: 0.034740855 | O63: 19173.449 | P63: -0.036900863 | Q63: 3582.4799 | R63: 0.00017527881 | S63: 413.93504 | T63: 0.066337341 | U63: 8236.1734 | V63: 0.011537614 | W63: 17150.528 | X63: -0.01009606 | Y63: 5261.4613 | Z63: -0.0085179474 | AA63: 6637.6208 | AB63: -0.010277208 | AC63: 3207.1754 | AD63: -0.045628138 | AE63: 4131.0128 | AF63: -0.052523859 | AG63: 7163.5654 | AH63: 0.083210977 | AI63: 3981.5962 | AJ63: 0.10894734 | AK63: 2444.0537 | AL63: 0.076268878 | AM63: 22064.897 | AN63: -0.013514611 | AO63: 8788.0288 | AP63: -0.012365804 | AQ63: 6830.6706 | AR63: 0.022886058 | AS63: 5638.49 | AT63: -0.010409452 | AU63: 662.88274 | AV63: -0.1462203 | AW63: 2564.1061 | AX63: -0.061210348 | AY63: 420.50057 | AZ63: -0.0014786411 | BA63: 2398.3653 | BB63: -0.013560549 | BC63: 5205.664 | BD63: -0.025241606 | BE63: -2998.0439 | BF63: -0.036714056
A64: 1993 | B64: 1 | C64: 110359.36 | D64: -0.019157654 | E64: 108298.01 | F64: -0.019319929 | G64: 1265.4698 | H64: -0.021951025 | I64: 154.91843 | J64: -0.051214079 | K64: 17213.743 | L64: -0.032673814 | M64: 1566.4398 | N64: 0.020129124 | O64: 18281.636 | P64: -0.043927861 | Q64: 3600.028 | R64: 0.013198421 | S64: 410.9027 | T64: 0.027888899 | U64: 8137.6908 | V64: -0.038142648 | W64: 13536.348 | X64: -0.046177492 | Y64: 4061.9816 | Z64: -0.029141336 | AA64: 6565.6471 | AB64: -0.018816828 | AC64: 3610.3484 | AD64: -0.029228668 | AE64: 4060.7517 | AF64: -0.062449983 | AG64: 7387.1779 | AH64: 0.060025299 | AI64: 4221.7564 | AJ64: 0.069868322 | AK64: 2457.4975 | AL64: 0.053332393 | AM64: 22012.468 | AN64: -0.018949595 | AO64: 8805.2303 | AP64: -0.01182383 | AQ64: 6940.8523 | AR64: 0.040145715 | AS64: 5648.7848 | AT64: -0.01009225 | AU64: 648.73477 | AV64: -0.13266143 | AW64: 2550.6166 | AX64: -0.05432997 | AY64: 421.10796 | AZ64: 0.00077367114 | BA64: 2271.85 | BB64: -0.011857064 | BC64: 5056.6358 | BD64: -0.025129304 | BE64: -2984.942 | BF64: -0.037549658
A65: 1993 | B65: 2 | C65: 112853.98 | D65: -0.00868565 | E65: 110681.31 | F65: -0.0093557294 | G65: 1251.7073 | H65: -0.036738431 | I65: 168.58435 | J65: -0.0083032075 | K65: 17651.068 | L65: -0.014527853 | M65: 1606.6963 | N65: 0.04774375 | O65: 18744.87 | P65: -0.027674706 | Q65: 3550.066 | R65: -0.0060286282 | S65: 405.88594 | T65: -0.002172341 | U65: 8609.9925 | V65: -0.030784457 | W65: 14378.046 | X65: -0.045059849 | Y65: 4327.0752 | Z65: -0.028158818 | AA65: 6537.1857 | AB65: -0.027812566 | AC65: 3416.3184 | AD65: -0.031363918 | AE65: 4065.2579 | AF65: -0.050386939 | AG65: 7450.5921 | AH65: 0.091570365 | AI65: 4276.0881 | AJ65: 0.17032996 | AK65: 2467.7316 | AL65: 0.035959927 | AM65: 22529.792 | AN65: 0.0037729299 | AO65: 8887.3593 | AP65: -0.0012228283 | AQ65: 6943.9967 | AR65: 0.036914625 | AS65: 5745.732 | AT65: -0.0069320692 | AU65: 657.27441 | AV65: -0.10078654 | AW65: 2587.4245 | AX65: -0.042103589 | AY65: 422.74305 | AZ65: 0.0060641769 | BA65: 2385.35 | BB65: 0.022051821 | BC65: 5153.5256 | BD65: -0.0086337388 | BE65: -2959.6189 | BF65: -0.036215636
A66: 1993 | B66: 3 | C66: 113072.8 | D66: 0.0061229465 | E66: 110863.9 | F66: 0.0049538084 | G66: 1229.8915 | H66: -0.046871678 | I66: 168.57646 | J66: 0.0062845421 | K66: 17439.078 | L66: 0.0078289532 | M66: 1606.5864 | N66: 0.071446083 | O66: 18468.819 | P66: -0.0057997983 | Q66: 3869.4347 | R66: 0.057771726 | S66: 428.68832 | T66: 0.038701709 | U66: 8757.9943 | V66: -0.032124706 | W66: 13926.768 | X66: -0.024376098 | Y66: 4268.6206 | Z66: -0.0084258466 | AA66: 6542.979 | AB66: -0.028689515 | AC66: 3899.9939 | AD66: -0.039228482 | AE66: 4025.4477 | AF66: -0.044872514 | AG66: 7606.3247 | AH66: 0.10163644 | AI66: 4440.5129 | AJ66: 0.20188008 | AK66: 2474.0638 | AL66: 0.022804088 | AM66: 22715.223 | AN66: 0.019964517 | AO66: 8925.7048 | AP66: 0.0089979765 | AQ66: 6840.1068 | AR66: 0.013448132 | AS66: 5795.5214 | AT66: 0.029257173 | AU66: 633.3974 | AV66: -0.039118719 | AW66: 2550.283 | AX66: -0.030155756 | AY66: 425.63391 | AZ66: 0.013114913 | BA66: 2420.7075 | BB66: 0.059940072 | BC66: 5185.7545 | BD66: 0.010813269 | BE66: -2954.0219 | BF66: -0.033088533
A67: 1993 | B67: 4 | C67: 116811.72 | D67: 0.016398622 | E67: 114395.24 | F67: 0.014636658 | G67: 1204.8693 | H67: -0.059047809 | I67: 159.41485 | J67: -0.023117085 | K67: 18456.551 | L67: 0.038090721 | M67: 1654.9363 | N67: 0.097281954 | O67: 19666.831 | P67: 0.025732578 | Q67: 4106.93 | R67: 0.14639304 | S67: 421.52646 | T67: 0.018339626 | U67: 8200.1864 | V67: -0.0043693751 | W67: 16589.763 | X67: -0.032696634 | Y67: 5108.3201 | Z67: -0.029106204 | AA67: 6475.5085 | AB67: -0.024423257 | AC67: 3039.0529 | AD67: -0.052420744 | AE67: 3995.1339 | AF67: -0.032892404 | AG67: 7844.5896 | AH67: 0.095067764 | AI67: 4699.8118 | AJ67: 0.18038385 | AK67: 2475.6278 | AL67: 0.012918738 | AM67: 22893.365 | AN67: 0.03754691 | AO67: 9028.9152 | AP67: 0.027410741 | AQ67: 6629.0862 | AR67: -0.029511663 | AS67: 5805.8891 | AT67: 0.029688646 | AU67: 674.06761 | AV67: 0.016873072 | AW67: 2459.8017 | AX67: -0.040678646 | AY67: 429.69462 | AZ67: 0.021864537 | BA67: 2629.9205 | BB67: 0.096547083 | BC67: 5342.9474 | BD67: 0.026371925 | BE67: -2883.3699 | BF67: -0.038249613
... A193: 2025 | B193: 2 | C193: 202074.74 | D193: 0.012878469 | E193: 196971.19 | F193: 0.012695632 | G193: 1244.7297 | H193: -0.021431332 | I193: 169.76039 | J193: -0.013841246 | K193: 44112.105 | L193: -0.0036909637 | M193: 21891.013 | N193: 0.073255881 | O193: 23024.225 | P193: -0.053599574 | Q193: 1842.5372 | R193: -0.04759494 | S193: 673.30255 | T193: 0.0086473854 | U193: 8269.113 | V193: 0.011761705 | W193: 24238.542 | X193: 0.049789111 | Y193: 6614.9688 | Z193: 0.02668221 | AA193: 7315.818 | AB193: 0.020650286 | AC193: 3575.4421 | AD193: 0.011775998 | AE193: 10219.704 | AF193: 0.012941493 | AG193: 17237.091 | AH193: 0.026848092 | AI193: 7073.2455 | AJ193: 0.056615209 | AK193: 6420.5463 | AL193: -0.002471721 | AM193: 36792.454 | AN193: 0.0078642773 | AO193: 12710.451 | AP193: 0.02490997 | AQ193: 8074.4821 | AR193: 0.017055562 | AS193: 16050.436 | AT193: 0.021235324 | AU193: 1781.184 | AV193: -0.25524108 | AW193: 2550.4269 | AX193: -0.0051057715 | AY193: 619.17967 | AZ193: 0.020289788 | BA193: 5094.2438 | BB193: 0.019827045 | BC193: 9684.2325 | BD193: 0.013992353 | BE193: -4590.4779 | BF193: 0.0071477778

Sheet defl_q
A1: =INDIRECT("beschriftung!"&ADDRESS(beschriftung!$C$1*12+ROW(beschriftung!$A1)-1,COLUMN(beschriftung!A$1))) -> ESA 2010, Quarterly aggregates of Gross Domestic Product, production approach, raw data
A2: =INDIRECT("beschriftung!"&ADDRESS(beschriftung!$C$1*12+ROW(beschriftung!$A4)-1,COLUMN(beschriftung!A$1))) -> Implicit chain price indexes, year-on-year growth rates
C4: =INDIRECT("beschriftung!"&ADDRESS(beschriftung!$C$1*12+ROW(beschriftung!$A5)-1,COLUMN(beschriftung!C$1))) -> Gross domestic product | D4: =IF(INDIRECT("beschriftung.!"&ADDRESS(#REF!*12+ROW($A5)-1,COLUMN(D$1)))="","",INDIRECT("beschriftung.!"&ADDRESS(#REF!*12+ROW($A5)-1,COLUMN(D$1)))) -> #REF! | E4: =IF(INDIRECT("beschriftung.!"&ADDRESS(#REF!*12+ROW($A5)-1,COLUMN(E$1)))="","",INDIRECT("beschriftung.!"&ADDRESS(#REF!*12+ROW($A5)-1,COLUMN(E$1)))) -> #REF! | F4: =IF(INDIRECT("beschriftung.!"&ADDRESS(#REF!*12+ROW($A5)-1,COLUMN(F$1)))="","",INDIRECT("beschriftung.!"&ADDRESS(#REF!*12+ROW($A5)-1,COLUMN(F$1)))) -> #REF! | G4: =IF(INDIRECT("beschriftung.!"&ADDRESS(#REF!*12+ROW($A5)-1,COLUMN(G$1)))="","",INDIRECT("beschriftung.!"&ADDRESS(#REF!*12+ROW($A5)-1,COLUMN(G$1)))) -> #REF! | H4: =IF(INDIRECT("beschriftung.!"&ADDRESS(#REF!*12+ROW($A5)-1,COLUMN(H$1)))="","",INDIRECT("beschriftung.!"&ADDRESS(#REF!*12+ROW($A5)-1,COLUMN(H$1)))) -> #REF! | I4: =IF(INDIRECT("beschriftung.!"&ADDRESS(#REF!*12+ROW($A5)-1,COLUMN(I$1)))="","",INDIRECT("beschriftung.!"&ADDRESS(#REF!*12+ROW($A5)-1,COLUMN(I$1)))) -> #REF! | J4: =IF(INDIRECT("beschriftung.!"&ADDRESS(#REF!*12+ROW($A5)-1,COLUMN(J$1)))="","",INDIRECT("beschriftung.!"&ADDRESS(#REF!*12+ROW($A5)-1,COLUMN(J$1)))) -> #REF! | K4: =IF(INDIRECT("beschriftung.!"&ADDRESS(#REF!*12+ROW($A5)-1,COLUMN(K$1)))="","",INDIRECT("beschriftung.!"&ADDRESS(#REF!*12+ROW($A5)-1,COLUMN(K$1)))) -> #REF! | L4: =IF(INDIRECT("beschriftung.!"&ADDRESS(#REF!*12+ROW($A5)-1,COLUMN(L$1)))="","",INDIRECT("beschriftung.!"&ADDRESS(#REF!*12+ROW($A5)-1,COLUMN(L$1)))) -> #REF! | Q4: =IF(INDIRECT("beschriftung.!"&ADDRESS(#REF!*12+ROW($A5)-1,COLUMN(Q$1)))="","",INDIRECT("beschriftung.!"&ADDRESS(#REF!*12+ROW($A5)-1,COLUMN(Q$1)))) -> #REF! | R4: =IF(INDIRECT("beschriftung.!"&ADDRESS(#REF!*12+ROW($A5)-1,COLUMN(R$1)))="","",INDIRECT("beschriftung.!"&ADDRESS(#REF!*12+ROW($A5)-1,COLUMN(R$1)))) -> #REF! | U4: =IF(INDIRECT("beschriftung.!"&ADDRESS(#REF!*12+ROW($A5)-1,COLUMN(U$1)))="","",INDIRECT("beschriftung.!"&ADDRESS(#REF!*12+ROW($A5)-1,COLUMN(U$1)))) -> #REF! | V4: =IF(INDIRECT("beschriftung.!"&ADDRESS(#REF!*12+ROW($A5)-1,COLUMN(V$1)))="","",INDIRECT("beschriftung.!"&ADDRESS(#REF!*12+ROW($A5)-1,COLUMN(V$1)))) -> #REF! | W4: =IF(INDIRECT("beschriftung.!"&ADDRESS(#REF!*12+ROW($A5)-1,COLUMN(W$1)))="","",INDIRECT("beschriftung.!"&ADDRESS(#REF!*12+ROW($A5)-1,COLUMN(W$1)))) -> #REF! | X4: =IF(INDIRECT("beschriftung.!"&ADDRESS(#REF!*12+ROW($A5)-1,COLUMN(X$1)))="","",INDIRECT("beschriftung.!"&ADDRESS(#REF!*12+ROW($A5)-1,COLUMN(X$1)))) -> #REF! | AA4: =IF(INDIRECT("beschriftung.!"&ADDRESS(#REF!*12+ROW($A5)-1,COLUMN(AA$1)))="","",INDIRECT("beschriftung.!"&ADDRESS(#REF!*12+ROW($A5)-1,COLUMN(AA$1)))) -> #REF! | AB4: =IF(INDIRECT("beschriftung.!"&ADDRESS(#REF!*12+ROW($A5)-1,COLUMN(AB$1)))="","",INDIRECT("beschriftung.!"&ADDRESS(#REF!*12+ROW($A5)-1,COLUMN(AB$1)))) -> #REF! | AG4: =IF(INDIRECT("beschriftung.!"&ADDRESS(#REF!*12+ROW($A5)-1,COLUMN(AG$1)))="","",INDIRECT("beschriftung.!"&ADDRESS(#REF!*12+ROW($A5)-1,COLUMN(AG$1)))) -> #REF! | AH4: =IF(INDIRECT("beschriftung.!"&ADDRESS(#REF!*12+ROW($A5)-1,COLUMN(AH$1)))="","",INDIRECT("beschriftung.!"&ADDRESS(#REF!*12+ROW($A5)-1,COLUMN(AH$1)))) -> #REF! | AI4: =IF(INDIRECT("beschriftung.!"&ADDRESS(#REF!*12+ROW($A5)-1,COLUMN(AI$1)))="","",INDIRECT("beschriftung.!"&ADDRESS(#REF!*12+ROW($A5)-1,COLUMN(AI$1)))) -> #REF! | AJ4: =IF(INDIRECT("beschriftung.!"&ADDRESS(#REF!*12+ROW($A5)-1,COLUMN(AJ$1)))="","",INDIRECT("beschriftung.!"&ADDRESS(#REF!*12+ROW($A5)-1,COLUMN(AJ$1)))) -> #REF! | AM4: =IF(INDIRECT("beschriftung.!"&ADDRESS(#REF!*12+ROW($A5)-1,COLUMN(AM$1)))="","",INDIRECT("beschriftung.!"&ADDRESS(#REF!*12+ROW($A5)-1,COLUMN(AM$1)))) -> #REF! | AN4: =IF(INDIRECT("beschriftung.!"&ADDRESS(#REF!*12+ROW($A5)-1,COLUMN(AN$1)))="","",INDIRECT("beschriftung.!"&ADDRESS(#REF!*12+ROW($A5)-1,COLUMN(AN$1)))) -> #REF! | AO4: =IF(INDIRECT("beschriftung.!"&ADDRESS(#REF!*12+ROW($A5)-1,COLUMN(AO$1)))="","",INDIRECT("beschriftung.!"&ADDRESS(#REF!*12+ROW($A5)-1,COLUMN(AO$1)))) -> #REF! | AP4: =IF(INDIRECT("beschriftung.!"&ADDRESS(#REF!*12+ROW($A5)-1,COLUMN(AP$1)))="","",INDIRECT("beschriftung.!"&ADDRESS(#REF!*12+ROW($A5)-1,COLUMN(AP$1)))) -> #REF! | AQ4: =IF(INDIRECT("beschriftung.!"&ADDRESS(#REF!*12+ROW($A5)-1,COLUMN(AQ$1)))="","",INDIRECT("beschriftung.!"&ADDRESS(#REF!*12+ROW($A5)-1,COLUMN(AQ$1)))) -> #REF! | AR4: =IF(INDIRECT("beschriftung.!"&ADDRESS(#REF!*12+ROW($A5)-1,COLUMN(AR$1)))="","",INDIRECT("beschriftung.!"&ADDRESS(#REF!*12+ROW($A5)-1,COLUMN(AR$1)))) -> #REF! | AS4: =IF(INDIRECT("beschriftung.!"&ADDRESS(#REF!*12+ROW($A5)-1,COLUMN(AS$1)))="","",INDIRECT("beschriftung.!"&ADDRESS(#REF!*12+ROW($A5)-1,COLUMN(AS$1)))) -> #REF! | AT4: =IF(INDIRECT("beschriftung.!"&ADDRESS(#REF!*12+ROW($A5)-1,COLUMN(AT$1)))="","",INDIRECT("beschriftung.!"&ADDRESS(#REF!*12+ROW($A5)-1,COLUMN(AT$1)))) -> #REF! | ... AV4: =IF(INDIRECT("beschriftung.!"&ADDRESS(#REF!*12+ROW($A5)-1,COLUMN(AV$1)))="","",INDIRECT("beschriftung.!"&ADDRESS(#REF!*12+ROW($A5)-1,COLUMN(AV$1)))) -> #REF! | AY4: =IF(INDIRECT("beschriftung.!"&ADDRESS(#REF!*12+ROW($A5)-1,COLUMN(AY$1)))="","",INDIRECT("beschriftung.!"&ADDRESS(#REF!*12+ROW($A5)-1,COLUMN(AY$1)))) -> #REF! | AZ4: =IF(INDIRECT("beschriftung.!"&ADDRESS(#REF!*12+ROW($A5)-1,COLUMN(AZ$1)))="","",INDIRECT("beschriftung.!"&ADDRESS(#REF!*12+ROW($A5)-1,COLUMN(AZ$1)))) -> #REF! | BA4: =IF(INDIRECT("beschriftung.!"&ADDRESS(#REF!*12+ROW($A5)-1,COLUMN(BA$1)))="","",INDIRECT("beschriftung.!"&ADDRESS(#REF!*12+ROW($A5)-1,COLUMN(BA$1)))) -> #REF! | BB4: =IF(INDIRECT("beschriftung.!"&ADDRESS(#REF!*12+ROW($A5)-1,COLUMN(BB$1)))="","",INDIRECT("beschriftung.!"&ADDRESS(#REF!*12+ROW($A5)-1,COLUMN(BB$1)))) -> #REF! | BC4: =IF(INDIRECT("beschriftung.!"&ADDRESS(#REF!*12+ROW($A5)-1,COLUMN(BC$1)))="","",INDIRECT("beschriftung.!"&ADDRESS(#REF!*12+ROW($A5)-1,COLUMN(BC$1)))) -> #REF! | BD4: =IF(INDIRECT("beschriftung.!"&ADDRESS(#REF!*12+ROW($A5)-1,COLUMN(BD$1)))="","",INDIRECT("beschriftung.!"&ADDRESS(#REF!*12+ROW($A5)-1,COLUMN(BD$1)))) -> #REF! | BE4: =IF(INDIRECT("beschriftung.!"&ADDRESS(#REF!*12+ROW($A5)-1,COLUMN(BE$1)))="","",INDIRECT("beschriftung.!"&ADDRESS(#REF!*12+ROW($A5)-1,COLUMN(BE$1)))) -> #REF! | BF4: =IF(INDIRECT("beschriftung.!"&ADDRESS(#REF!*12+ROW($A5)-1,COLUMN(BF$1)))="","",INDIRECT("beschriftung.!"&ADDRESS(#REF!*12+ROW($A5)-1,COLUMN(BF$1)))) -> #REF!
E5: =INDIRECT("beschriftung!"&ADDRESS(beschriftung!$C$1*12+ROW(beschriftung!$A6)-1,COLUMN(beschriftung!D$1))) -> Gross value added before adjustments | F5: =IF(INDIRECT("beschriftung.!"&ADDRESS(#REF!*12+ROW($A6)-1,COLUMN(F$1)))="","",INDIRECT("beschriftung.!"&ADDRESS(#REF!*12+ROW($A6)-1,COLUMN(F$1)))) -> #REF! | G5: =IF(INDIRECT("beschriftung.!"&ADDRESS(#REF!*12+ROW($A6)-1,COLUMN(G$1)))="","",INDIRECT("beschriftung.!"&ADDRESS(#REF!*12+ROW($A6)-1,COLUMN(G$1)))) -> #REF! | H5: =IF(INDIRECT("beschriftung.!"&ADDRESS(#REF!*12+ROW($A6)-1,COLUMN(H$1)))="","",INDIRECT("beschriftung.!"&ADDRESS(#REF!*12+ROW($A6)-1,COLUMN(H$1)))) -> #REF! | I5: =IF(INDIRECT("beschriftung.!"&ADDRESS(#REF!*12+ROW($A6)-1,COLUMN(I$1)))="","",INDIRECT("beschriftung.!"&ADDRESS(#REF!*12+ROW($A6)-1,COLUMN(I$1)))) -> #REF! | J5: =IF(INDIRECT("beschriftung.!"&ADDRESS(#REF!*12+ROW($A6)-1,COLUMN(J$1)))="","",INDIRECT("beschriftung.!"&ADDRESS(#REF!*12+ROW($A6)-1,COLUMN(J$1)))) -> #REF! | K5: =IF(INDIRECT("beschriftung.!"&ADDRESS(#REF!*12+ROW($A6)-1,COLUMN(K$1)))="","",INDIRECT("beschriftung.!"&ADDRESS(#REF!*12+ROW($A6)-1,COLUMN(K$1)))) -> #REF! | L5: =IF(INDIRECT("beschriftung.!"&ADDRESS(#REF!*12+ROW($A6)-1,COLUMN(L$1)))="","",INDIRECT("beschriftung.!"&ADDRESS(#REF!*12+ROW($A6)-1,COLUMN(L$1)))) -> #REF! | Q5: =IF(INDIRECT("beschriftung.!"&ADDRESS(#REF!*12+ROW($A6)-1,COLUMN(Q$1)))="","",INDIRECT("beschriftung.!"&ADDRESS(#REF!*12+ROW($A6)-1,COLUMN(Q$1)))) -> #REF! | R5: =IF(INDIRECT("beschriftung.!"&ADDRESS(#REF!*12+ROW($A6)-1,COLUMN(R$1)))="","",INDIRECT("beschriftung.!"&ADDRESS(#REF!*12+ROW($A6)-1,COLUMN(R$1)))) -> #REF! | U5: =IF(INDIRECT("beschriftung.!"&ADDRESS(#REF!*12+ROW($A6)-1,COLUMN(U$1)))="","",INDIRECT("beschriftung.!"&ADDRESS(#REF!*12+ROW($A6)-1,COLUMN(U$1)))) -> #REF! | V5: =IF(INDIRECT("beschriftung.!"&ADDRESS(#REF!*12+ROW($A6)-1,COLUMN(V$1)))="","",INDIRECT("beschriftung.!"&ADDRESS(#REF!*12+ROW($A6)-1,COLUMN(V$1)))) -> #REF! | W5: =IF(INDIRECT("beschriftung.!"&ADDRESS(#REF!*12+ROW($A6)-1,COLUMN(W$1)))="","",INDIRECT("beschriftung.!"&ADDRESS(#REF!*12+ROW($A6)-1,COLUMN(W$1)))) -> #REF! | X5: =IF(INDIRECT("beschriftung.!"&ADDRESS(#REF!*12+ROW($A6)-1,COLUMN(X$1)))="","",INDIRECT("beschriftung.!"&ADDRESS(#REF!*12+ROW($A6)-1,COLUMN(X$1)))) -> #REF! | AA5: =IF(INDIRECT("beschriftung.!"&ADDRESS(#REF!*12+ROW($A6)-1,COLUMN(AA$1)))="","",INDIRECT("beschriftung.!"&ADDRESS(#REF!*12+ROW($A6)-1,COLUMN(AA$1)))) -> #REF! | AB5: =IF(INDIRECT("beschriftung.!"&ADDRESS(#REF!*12+ROW($A6)-1,COLUMN(AB$1)))="","",INDIRECT("beschriftung.!"&ADDRESS(#REF!*12+ROW($A6)-1,COLUMN(AB$1)))) -> #REF! | AG5: =IF(INDIRECT("beschriftung.!"&ADDRESS(#REF!*12+ROW($A6)-1,COLUMN(AG$1)))="","",INDIRECT("beschriftung.!"&ADDRESS(#REF!*12+ROW($A6)-1,COLUMN(AG$1)))) -> #REF! | AH5: =IF(INDIRECT("beschriftung.!"&ADDRESS(#REF!*12+ROW($A6)-1,COLUMN(AH$1)))="","",INDIRECT("beschriftung.!"&ADDRESS(#REF!*12+ROW($A6)-1,COLUMN(AH$1)))) -> #REF! | AI5: =IF(INDIRECT("beschriftung.!"&ADDRESS(#REF!*12+ROW($A6)-1,COLUMN(AI$1)))="","",INDIRECT("beschriftung.!"&ADDRESS(#REF!*12+ROW($A6)-1,COLUMN(AI$1)))) -> #REF! | AJ5: =IF(INDIRECT("beschriftung.!"&ADDRESS(#REF!*12+ROW($A6)-1,COLUMN(AJ$1)))="","",INDIRECT("beschriftung.!"&ADDRESS(#REF!*12+ROW($A6)-1,COLUMN(AJ$1)))) -> #REF! | AM5: =IF(INDIRECT("beschriftung.!"&ADDRESS(#REF!*12+ROW($A6)-1,COLUMN(AM$1)))="","",INDIRECT("beschriftung.!"&ADDRESS(#REF!*12+ROW($A6)-1,COLUMN(AM$1)))) -> #REF! | AN5: =IF(INDIRECT("beschriftung.!"&ADDRESS(#REF!*12+ROW($A6)-1,COLUMN(AN$1)))="","",INDIRECT("beschriftung.!"&ADDRESS(#REF!*12+ROW($A6)-1,COLUMN(AN$1)))) -> #REF! | AO5: =IF(INDIRECT("beschriftung.!"&ADDRESS(#REF!*12+ROW($A6)-1,COLUMN(AO$1)))="","",INDIRECT("beschriftung.!"&ADDRESS(#REF!*12+ROW($A6)-1,COLUMN(AO$1)))) -> #REF! | AP5: =IF(INDIRECT("beschriftung.!"&ADDRESS(#REF!*12+ROW($A6)-1,COLUMN(AP$1)))="","",INDIRECT("beschriftung.!"&ADDRESS(#REF!*12+ROW($A6)-1,COLUMN(AP$1)))) -> #REF! | AQ5: =IF(INDIRECT("beschriftung.!"&ADDRESS(#REF!*12+ROW($A6)-1,COLUMN(AQ$1)))="","",INDIRECT("beschriftung.!"&ADDRESS(#REF!*12+ROW($A6)-1,COLUMN(AQ$1)))) -> #REF! | AR5: =IF(INDIRECT("beschriftung.!"&ADDRESS(#REF!*12+ROW($A6)-1,COLUMN(AR$1)))="","",INDIRECT("beschriftung.!"&ADDRESS(#REF!*12+ROW($A6)-1,COLUMN(AR$1)))) -> #REF! | AS5: =IF(INDIRECT("beschriftung.!"&ADDRESS(#REF!*12+ROW($A6)-1,COLUMN(AS$1)))="","",INDIRECT("beschriftung.!"&ADDRESS(#REF!*12+ROW($A6)-1,COLUMN(AS$1)))) -> #REF! | AT5: =IF(INDIRECT("beschriftung.!"&ADDRESS(#REF!*12+ROW($A6)-1,COLUMN(AT$1)))="","",INDIRECT("beschriftung.!"&ADDRESS(#REF!*12+ROW($A6)-1,COLUMN(AT$1)))) -> #REF! | ... AV5: =IF(INDIRECT("beschriftung.!"&ADDRESS(#REF!*12+ROW($A6)-1,COLUMN(AV$1)))="","",INDIRECT("beschriftung.!"&ADDRESS(#REF!*12+ROW($A6)-1,COLUMN(AV$1)))) -> #REF! | AY5: =IF(INDIRECT("beschriftung.!"&ADDRESS(#REF!*12+ROW($A6)-1,COLUMN(AY$1)))="","",INDIRECT("beschriftung.!"&ADDRESS(#REF!*12+ROW($A6)-1,COLUMN(AY$1)))) -> #REF! | AZ5: =IF(INDIRECT("beschriftung.!"&ADDRESS(#REF!*12+ROW($A6)-1,COLUMN(AZ$1)))="","",INDIRECT("beschriftung.!"&ADDRESS(#REF!*12+ROW($A6)-1,COLUMN(AZ$1)))) -> #REF! | BA5: =INDIRECT("beschriftung!"&ADDRESS(beschriftung!$C$1*12+ROW(beschriftung!$A6)-1,COLUMN(beschriftung!AS$1))) -> Adjustments | BB5: =IF(INDIRECT("beschriftung.!"&ADDRESS(#REF!*12+ROW($A6)-1,COLUMN(BB$1)))="","",INDIRECT("beschriftung.!"&ADDRESS(#REF!*12+ROW($A6)-1,COLUMN(BB$1)))) -> #REF! | BC5: =IF(INDIRECT("beschriftung.!"&ADDRESS(#REF!*12+ROW($A6)-1,COLUMN(BC$1)))="","",INDIRECT("beschriftung.!"&ADDRESS(#REF!*12+ROW($A6)-1,COLUMN(BC$1)))) -> #REF! | BD5: =IF(INDIRECT("beschriftung.!"&ADDRESS(#REF!*12+ROW($A6)-1,COLUMN(BD$1)))="","",INDIRECT("beschriftung.!"&ADDRESS(#REF!*12+ROW($A6)-1,COLUMN(BD$1)))) -> #REF! | BE5: =IF(INDIRECT("beschriftung.!"&ADDRESS(#REF!*12+ROW($A6)-1,COLUMN(BE$1)))="","",INDIRECT("beschriftung.!"&ADDRESS(#REF!*12+ROW($A6)-1,COLUMN(BE$1)))) -> #REF! | BF5: =IF(INDIRECT("beschriftung.!"&ADDRESS(#REF!*12+ROW($A6)-1,COLUMN(BF$1)))="","",INDIRECT("beschriftung.!"&ADDRESS(#REF!*12+ROW($A6)-1,COLUMN(BF$1)))) -> #REF!
G6: =INDIRECT("beschriftung!"&ADDRESS(beschriftung!$C$1*12+ROW(beschriftung!$A7)-1,COLUMN(beschriftung!E$1))) -> Agriculture, forestry and fishing | I6: =INDIRECT("beschriftung!"&ADDRESS(beschriftung!$C$1*12+ROW(beschriftung!$A7)-1,COLUMN(beschriftung!G$1))) -> Mining and quarrying | K6: =INDIRECT("beschriftung!"&ADDRESS(beschriftung!$C$1*12+ROW(beschriftung!$A7)-1,COLUMN(beschriftung!I$1))) -> Manufacturing | Q6: =INDIRECT("beschriftung!"&ADDRESS(beschriftung!$C$1*12+ROW(beschriftung!$A7)-1,COLUMN(beschriftung!M$1))) -> Electricity, gas, steam and air conditioning supply | S6: =INDIRECT("beschriftung!"&ADDRESS(beschriftung!$C$1*12+ROW(beschriftung!$A7)-1,COLUMN(beschriftung!O$1))) -> Water supply, sewerage, waste management and remediation activities | U6: =INDIRECT("beschriftung!"&ADDRESS(beschriftung!$C$1*12+ROW(beschriftung!$A7)-1,COLUMN(beschriftung!Q$1))) -> Construction | W6: =INDIRECT("beschriftung!"&ADDRESS(beschriftung!$C$1*12+ROW(beschriftung!$A7)-1,COLUMN(beschriftung!S$1))) -> Trade, repair of motor vehicles and motorcycles | AA6: =INDIRECT("beschriftung!"&ADDRESS(beschriftung!$C$1*12+ROW(beschriftung!$A7)-1,COLUMN(beschriftung!W$1))) -> Transportation and storage | AC6: =INDIRECT("beschriftung!"&ADDRESS(beschriftung!$C$1*12+ROW(beschriftung!$A7)-1,COLUMN(beschriftung!Y$1))) -> Accommodation and food service activities | AE6: =INDIRECT("beschriftung!"&ADDRESS(beschriftung!$C$1*12+ROW(beschriftung!$A7)-1,COLUMN(beschriftung!X$1))) -> Information and communication | AG6: =INDIRECT("beschriftung!"&ADDRESS(beschriftung!$C$1*12+ROW(beschriftung!$A7)-1,COLUMN(beschriftung!AA$1))) -> Financial and insurance activities | AM6: =INDIRECT("beschriftung!"&ADDRESS(beschriftung!$C$1*12+ROW(beschriftung!$A7)-1,COLUMN(beschriftung!AE$1))) -> Real estate, professional, scientific, technical activities and administrative services | AO6: =INDIRECT("beschriftung!"&ADDRESS(beschriftung!$C$1*12+ROW(beschriftung!$A7)-1,COLUMN(beschriftung!AG$1))) -> Public administration | AQ6: =INDIRECT("beschriftung!"&ADDRESS(beschriftung!$C$1*12+ROW(beschriftung!$A7)-1,COLUMN(beschriftung!AI$1))) -> Education | AS6: =INDIRECT("beschriftung!"&ADDRESS(beschriftung!$C$1*12+ROW(beschriftung!$A7)-1,COLUMN(beschriftung!AK$1))) -> Human health and social work activities | AU6: =INDIRECT("beschriftung!"&ADDRESS(beschriftung!$C$1*12+ROW(beschriftung!$A7)-1,COLUMN(beschriftung!AM$1))) -> Arts, entertainment and recreation | AW6: =INDIRECT("beschriftung!"&ADDRESS(beschriftung!$C$1*12+ROW(beschriftung!$A7)-1,COLUMN(beschriftung!AO$1))) -> Other service activities | AY6: =INDIRECT("beschriftung!"&ADDRESS(beschriftung!$C$1*12+ROW(beschriftung!$A7)-1,COLUMN(beschriftung!AQ$1))) -> Activities of housholds as employers and producers for own use | BC6: =INDIRECT("beschriftung!"&ADDRESS(beschriftung!$C$1*12+ROW(beschriftung!$A7)-1,COLUMN(beschriftung!AU$1))) -> Taxes on products | BE6: =INDIRECT("beschriftung!"&ADDRESS(beschriftung!$C$1*12+ROW(beschriftung!$A7)-1,COLUMN(beschriftung!AW$1))) -> Subsidies on products
M8: =INDIRECT("beschriftung!"&ADDRESS(beschriftung!$C$1*12+ROW(beschriftung!$A7),COLUMN(beschriftung!J$1))) -> thereof chemicals and pharmaceuticals | O8: =INDIRECT("beschriftung!"&ADDRESS(beschriftung!$C$1*12+ROW(beschriftung!$A7),COLUMN(beschriftung!K$1))) -> thereof other manufacturing | Y8: =INDIRECT("beschriftung!"&ADDRESS(beschriftung!$C$1*12+ROW(beschriftung!$A7),COLUMN(beschriftung!U$1))) -> thereof retail trade | AI8: =INDIRECT("beschriftung!"&ADDRESS(beschriftung!$C$1*12+ROW(beschriftung!$A7),COLUMN(beschriftung!AB$1))) -> thereof financial activities | AK8: =INDIRECT("beschriftung!"&ADDRESS(beschriftung!$C$1*12+ROW(beschriftung!$A7),COLUMN(beschriftung!AC$1))) -> thereof insurance activities
C11: B1GQ | E11: B1G | G11: NOGA 01-03 | I11: NOGA 05-09 | K11: NOGA 10-33 | M11: NOGA 19-21 | O11: NOGA 10-18; 22-33 | Q11: NOGA 35 | S11: NOGA 36-39 | U11: NOGA 41-43 | W11: NOGA 45-47 | Y11: NOGA 47 | AA11: NOGA 49-53 | AC11: NOGA 55-56 | AE11: NOGA 58-63 | AG11: NOGA 64-66 | AI11: NOGA 64 | AK11: NOGA 65 | AM11: NOGA 68-75; 77-82 | AO11: NOGA 84 | AQ11: NOGA 85 | AS11: NOGA 86-88 | AU11: NOGA 90-93 | AW11: NOGA 94-96 | AY11: NOGA 97-98 | BC11: D21 | BE11: D31
A12: 1980 | B12: 1 | C12: 55.995715
A13: 1980 | B13: 2 | C13: 56.314138
A14: 1980 | B14: 3 | C14: 57.09698
A15: 1980 | B15: 4 | C15: 57.313437
A16: 1981 | B16: 1 | C16: 58.744227 | D16: 0.049084313
A17: 1981 | B17: 2 | C17: 59.244675 | D17: 0.052039096
A18: 1981 | B18: 3 | C18: 60.301482 | D18: 0.056123839
A19: 1981 | B19: 4 | C19: 61.2259 | D19: 0.068264329
A20: 1982 | B20: 1 | C20: 62.909002 | D20: 0.070896768
A21: 1982 | B21: 2 | C21: 64.113541 | D21: 0.082182344
A22: 1982 | B22: 3 | C22: 64.971203 | D22: 0.077439567
A23: 1982 | B23: 4 | C23: 65.176478 | D23: 0.064524625
A24: 1983 | B24: 1 | C24: 65.581997 | D24: 0.042489861
A25: 1983 | B25: 2 | C25: 65.602407 | D25: 0.023222329
A26: 1983 | B26: 3 | C26: 65.845568 | D26: 0.013457744
A27: 1983 | B27: 4 | C27: 66.241149 | D27: 0.016335195
... A51: 1989 | B51: 4 | C51: 78.920077 | D51: 0.037133359
A52: 1990 | B52: 1 | C52: 80.615477 | D52: 0.040824559 | E52: 80.055146 | G52: 152.09008 | I52: 69.877109 | K52: 103.7303 | M52: 216.8142 | O52: 79.166132 | Q52: 45.352956 | S52: 227.69178 | U52: 77.75842 | W52: 91.511528 | Y52: 109.07599 | AA52: 61.519078 | AC52: 53.288852 | AE52: 96.132532 | AG52: 106.54386 | AI52: 75.01582 | AK52: 182.91146 | AM52: 56.364527 | AO52: 66.229411 | AQ52: 57.144886 | AS52: 68.828717 | AU52: 40.993867 | AW52: 45.616235 | AY52: 70.377374 | BA52: 98.943472 | BC52: 84.899652 | BE52: 68.128769
A53: 1990 | B53: 2 | C53: 81.479375 | D53: 0.044120887 | E53: 81.127097 | G53: 153.95229 | I53: 68.914332 | K53: 105.72688 | M53: 217.01627 | O53: 80.970632 | Q53: 46.810987 | S53: 228.43668 | U53: 78.797001 | W53: 91.700945 | Y53: 109.29385 | AA53: 62.725055 | AC53: 54.635428 | AE53: 96.636167 | AG53: 107.26975 | AI53: 75.075547 | AK53: 184.54392 | AM53: 57.24658 | AO53: 67.390773 | AQ53: 57.490056 | AS53: 69.689901 | AU53: 42.096981 | AW53: 47.238788 | AY53: 71.613897 | BA53: 90.758663 | BC53: 81.456548 | BE53: 68.931942
A54: 1990 | B54: 3 | C54: 82.145441 | D54: 0.047909613 | E54: 81.685374 | G54: 155.39807 | I54: 68.136866 | K54: 105.69312 | M54: 217.80635 | O54: 80.88712 | Q54: 45.350715 | S54: 224.38534 | U54: 77.732143 | W54: 92.357977 | Y54: 109.18827 | AA54: 63.091724 | AC54: 54.480993 | AE54: 97.227406 | AG54: 109.01353 | AI54: 77.60008 | AK54: 185.0944 | AM54: 58.084973 | AO54: 68.193534 | AQ54: 59.145336 | AS54: 70.929983 | AU54: 42.867058 | AW54: 48.271843 | AY54: 72.921462 | BA54: 95.892894 | BC54: 84.470818 | BE54: 69.849658
A55: 1990 | B55: 4 | C55: 82.97868 | D55: 0.051426751 | E55: 82.784681 | G55: 154.91396 | I55: 68.011436 | K55: 105.24816 | M55: 219.62893 | O55: 80.34445 | Q55: 49.285934 | S55: 216.39713 | U55: 79.255621 | W55: 94.044889 | Y55: 110.23546 | AA55: 64.440426 | AC55: 55.706022 | AE55: 97.902272 | AG55: 110.74814 | AI55: 80.711545 | AK55: 184.58407 | AM55: 59.471988 | AO55: 69.410752 | AQ55: 60.767797 | AS55: 71.191108 | AU55: 43.415412 | AW55: 49.619392 | AY55: 74.387064 | BA55: 85.556454 | BC55: 79.899564 | BE55: 70.903946
A56: 1991 | B56: 1 | C56: 85.079654 | D56: 0.055376173 | E56: 84.571502 | F56: 0.056415561 | G56: 153.97532 | H56: 0.012395556 | I56: 75.939957 | J56: 0.086764433 | K56: 107.1826 | L56: 0.033281471 | M56: 221.49645 | N56: 0.021595686 | O56: 81.979941 | P56: 0.035543082 | Q56: 51.316208 | R56: 0.13148541 | S56: 207.79187 | T56: -0.087398471 | U56: 82.158152 | V56: 0.056582072 | W56: 96.477475 | X56: 0.054265812 | Y56: 113.97647 | Z56: 0.044927191 | AA56: 65.558339 | AB56: 0.065658678 | AC56: 57.81034 | AD56: 0.084848672 | AE56: 101.51892 | AF56: 0.056030882 | AG56: 111.01611 | AH56: 0.0419757 | AI56: 81.962639 | AJ56: 0.09260473 | AK56: 183.00949 | AL56: 0.00053595763 | AM56: 60.715118 | AN56: 0.077186689 | AO56: 71.102158 | AP56: 0.073573763 | AQ56: 61.14608 | AR56: 0.070018417 | AS56: 72.416835 | AT56: 0.052131124 | AU56: 45.023221 | AV56: 0.098291615 | AW56: 51.741515 | AX56: 0.1342785 | AY56: 76.032282 | AZ56: 0.080351226 | BA56: 100.92385 | BB56: 0.020015212 | BC56: 88.030074 | BD56: 0.036872023 | BE56: 72.124608 | BF56: 0.058651266
A57: 1991 | B57: 2 | C57: 86.110504 | D57: 0.056838059 | E57: 85.863185 | F57: 0.058378619 | G57: 155.08738 | H57: 0.0073729746 | I57: 74.470655 | J57: 0.080626528 | K57: 109.13945 | L57: 0.032277218 | M57: 220.99875 | N57: 0.018351071 | O57: 83.810907 | P57: 0.03507784 | Q57: 52.289136 | R57: 0.117027 | S57: 200.41556 | T57: -0.1226647 | U57: 82.523381 | V57: 0.047290892 | W57: 97.246361 | X57: 0.060472836 | Y57: 113.44665 | Z57: 0.037996577 | AA57: 67.880617 | AB57: 0.082193026 | AC57: 59.010791 | AD57: 0.080082897 | AE57: 103.65029 | AF57: 0.072582802 | AG57: 110.99547 | AH57: 0.03473233 | AI57: 82.969434 | AJ57: 0.10514591 | AK57: 180.90796 | AL57: -0.019702397 | AM57: 62.200166 | AN57: 0.086530693 | AO57: 72.457372 | AP57: 0.075182375 | AQ57: 61.021432 | AR57: 0.061425855 | AS57: 74.429868 | AT57: 0.068015107 | AU57: 48.682718 | AV57: 0.15644203 | AW57: 53.78966 | AX57: 0.13867571 | AY57: 77.68674 | AZ57: 0.084799782 | BA57: 90.076438 | BB57: -0.0075169181 | BC57: 83.718289 | BD57: 0.027766219 | BE57: 73.296276 | BF57: 0.063313666
A58: 1991 | B58: 3 | C58: 86.78091 | D58: 0.056430029 | E58: 86.394982 | F58: 0.057655468 | G58: 152.07536 | H58: -0.021381974 | I58: 73.335905 | J58: 0.076302875 | K58: 109.45754 | L58: 0.035616539 | M58: 220.28249 | N58: 0.011368521 | O58: 84.173749 | P58: 0.04063229 | Q58: 52.37883 | R58: 0.15497251 | S58: 192.93648 | T58: -0.14015558 | U58: 80.910882 | V58: 0.040893498 | W58: 97.527348 | X58: 0.055971032 | Y58: 112.39003 | Z58: 0.029323248 | AA58: 68.654328 | AB58: 0.088166936 | AC58: 58.796508 | AD58: 0.079211389 | AE58: 104.22425 | AF58: 0.071963737 | AG58: 111.05065 | AH58: 0.018686901 | AI58: 84.73588 | AJ58: 0.091956083 | AK58: 178.24066 | AL58: -0.037028381 | AM58: 63.307096 | AN58: 0.089904891 | AO58: 73.416332 | AP58: 0.076587871 | AQ58: 62.141331 | AR58: 0.050654806 | AS58: 77.25005 | AT58: 0.089102891 | AU58: 50.604919 | AV58: 0.18050832 | AW58: 54.75082 | AX58: 0.13421856 | AY58: 79.301697 | AZ58: 0.087494615 | BA58: 96.984136 | BB58: 0.011379801 | BC58: 87.542162 | BD58: 0.036359825 | BE58: 74.403186 | BF58: 0.065190406
A59: 1991 | B59: 4 | C59: 86.968511 | D59: 0.0480826 | E59: 86.869258 | F59: 0.04933977 | G59: 147.9505 | H59: -0.044950537 | I59: 72.542987 | J59: 0.066629257 | K59: 108.79715 | L59: 0.033720188 | M59: 222.13324 | N59: 0.011402486 | O59: 83.412047 | P59: 0.038180575 | Q59: 55.08386 | R59: 0.11763854 | S59: 185.59384 | T59: -0.14234614 | U59: 80.763413 | V59: 0.019024417 | W59: 98.362632 | X59: 0.045911514 | Y59: 113.09688 | Z59: 0.025957295 | AA59: 67.820492 | AB59: 0.052452585 | AC59: 59.525859 | AD59: 0.068571353 | AE59: 104.70144 | AF59: 0.069448503 | AG59: 110.98954 | AH59: 0.0021797501 | AI59: 86.997348 | AJ59: 0.077879856 | AK59: 174.95637 | AL59: -0.052158884 | AM59: 64.432801 | AN59: 0.083414277 | AO59: 74.633001 | AP59: 0.075236885 | AQ59: 64.371923 | AR59: 0.0593098 | AS59: 77.461292 | AT59: 0.088075387 | AU59: 51.618495 | AV59: 0.18894403 | AW59: 55.318341 | AX59: 0.11485327 | AY59: 80.717001 | AZ59: 0.085094594 | BA59: 83.781449 | BB59: -0.020746587 | BC59: 82.101811 | BD59: 0.027562694 | BE59: 75.429875 | BF59: 0.063831836
A60: 1992 | B60: 1 | C60: 87.936974 | D60: 0.033584066 | E60: 87.458126 | F60: 0.034132348 | G60: 140.39288 | H60: -0.088211778 | I60: 76.936404 | J60: 0.013121505 | K60: 108.72087 | L60: 0.014351864 | M60: 221.91206 | N60: 0.0018763559 | O60: 83.35882 | P60: 0.016819712 | Q60: 56.089271 | R60: 0.09301278 | S60: 180.56849 | T60: -0.13101275 | U60: 81.305347 | V60: -0.01038004 | W60: 99.668561 | X60: 0.033075965 | Y60: 116.30325 | Z60: 0.020414577 | AA60: 66.611074 | AB60: 0.016057985 | AC60: 61.373383 | AD60: 0.061633311 | AE60: 106.14169 | AF60: 0.045536049 | AG60: 111.39285 | AH60: 0.0033935068 | AI60: 89.363836 | AJ60: 0.090299637 | AK60: 170.99035 | AL60: -0.065674956 | AM60: 65.302042 | AN60: 0.07554829 | AO60: 76.165473 | AP60: 0.071211834 | AQ60: 64.219024 | AR60: 0.050255773 | AS60: 78.591775 | AT60: 0.085269395 | AU60: 52.644991 | AV60: 0.16928531 | AW60: 55.883858 | AX60: 0.08005841 | AY60: 81.747547 | AZ60: 0.075168926 | BA60: 102.68431 | BB60: 0.017443517 | BC60: 91.17441 | BD60: 0.035718887 | BE60: 76.364691 | BF60: 0.05878831
A61: 1992 | B61: 2 | C61: 88.016727 | D61: 0.022136939 | E61: 87.825492 | F61: 0.022853879 | G61: 138.37797 | H61: -0.10774189 | I61: 76.061242 | J61: 0.021358567 | K61: 108.93708 | L61: -0.0018542508 | M61: 221.27376 | N61: 0.0012444141 | O61: 83.610865 | P61: -0.002386827 | Q61: 56.706053 | R61: 0.084471016 | S61: 177.27665 | T61: -0.11545467 | U61: 80.313968 | V61: -0.026773174 | W61: 100.24804 | X61: 0.030866787 | Y61: 116.34102 | Z61: 0.02551308 | AA61: 67.067693 | AB61: -0.011975791 | AC61: 62.41937 | AD61: 0.057761969 | AE61: 106.98022 | AF61: 0.032126577 | AG61: 110.80901 | AH61: -0.0016799471 | AI61: 90.061198 | AJ61: 0.085474411 | AK61: 168.80091 | AL61: -0.066923805 | AM61: 66.155809 | AN61: 0.063595376 | AO61: 77.211519 | AP61: 0.065613021 | AQ61: 63.427975 | AR61: 0.039437665 | AS61: 79.644457 | AT61: 0.070060446 | AU61: 53.32077 | AV61: 0.095271022 | AW61: 57.130793 | AX61: 0.062114787 | AY61: 82.762064 | AZ61: 0.065330642 | BA61: 88.961651 | BB61: -0.012376008 | BC61: 85.560699 | BD61: 0.022007256 | BE61: 77.227701 | BF61: 0.053637443
A62: 1992 | B62: 3 | C62: 88.049392 | D62: 0.014617066 | E62: 87.834529 | F62: 0.016662382 | G62: 138.78995 | H62: -0.087360648 | I62: 76.238427 | J62: 0.039578466 | K62: 109.26595 | L62: -0.0017503743 | M62: 221.85304 | N62: 0.0071297148 | O62: 83.871089 | P62: -0.0035956617 | Q62: 58.531413 | R62: 0.11746316 | S62: 173.38261 | T62: -0.10134876 | U62: 78.423162 | V62: -0.030746425 | W62: 99.328035 | X62: 0.018463403 | Y62: 114.19884 | Z62: 0.016094034 | AA62: 67.004525 | AB62: -0.024030569 | AC62: 62.206578 | AD62: 0.057997821 | AE62: 107.76571 | AF62: 0.033979233 | AG62: 110.57664 | AH62: -0.0042684323 | AI62: 89.773135 | AJ62: 0.059446549 | AK62: 168.34701 | AL62: -0.05550727 | AM62: 66.641536 | AN62: 0.052670883 | AO62: 77.617553 | AP62: 0.057224615 | AQ62: 64.414399 | AR62: 0.036578999 | AS62: 79.296335 | AT62: 0.026489108 | AU62: 52.288748 | AV62: 0.033274021 | AW62: 57.354262 | AX62: 0.047550733 | AY62: 83.5497 | AZ62: 0.053567614 | BA62: 90.07931 | BB62: -0.071195421 | BC62: 86.557932 | BD62: -0.011242918 | BE62: 78.014139 | BF62: 0.048532244
A63: 1992 | B63: 4 | C63: 88.282043 | D63: 0.015103536 | E63: 88.192413 | F63: 0.015231572 | G63: 135.07371 | H63: -0.087034426 | I63: 76.960256 | J63: 0.060891732 | K63: 109.41197 | L63: 0.0056511155 | M63: 223.36939 | N63: 0.0055648901 | O63: 83.8859 | P63: 0.0056808752 | Q63: 60.14725 | R63: 0.091921488 | S63: 171.81468 | T63: -0.074243627 | U63: 77.639829 | V63: -0.038675723 | W63: 99.566724 | X63: 0.012241357 | Y63: 114.27125 | Z63: 0.010383758 | AA63: 65.756623 | AB63: -0.030431353 | AC63: 62.581904 | AD63: 0.051339777 | AE63: 107.96838 | AF63: 0.031202499 | AG63: 113.53082 | AH63: 0.022896614 | AI63: 93.606193 | AJ63: 0.075966056 | AK63: 169.62735 | AL63: -0.030459164 | AM63: 67.122449 | AN63: 0.041743465 | AO63: 77.918778 | AP63: 0.044025787 | AQ63: 66.293194 | AR63: 0.02984641 | AS63: 79.597412 | AT63: 0.027576606 | AU63: 49.572738 | AV63: -0.039632249 | AW63: 57.227343 | AX63: 0.034509381 | AY63: 83.887648 | AZ63: 0.03928102 | BA63: 84.532815 | BB63: 0.0089681639 | BC63: 84.282008 | BD63: 0.026554799 | BE63: 78.719076 | BF63: 0.043606074
A64: 1993 | B64: 1 | C64: 89.507181 | D64: 0.01785605 | E64: 88.987132 | F64: 0.017482725 | G64: 135.55367 | H64: -0.034469062 | I64: 79.006201 | J64: 0.026902706 | K64: 109.96666 | L64: 0.011458555 | M64: 226.24146 | N64: 0.019509563 | O64: 84.157903 | P64: 0.0095860618 | Q64: 59.509209 | R64: 0.060973115 | S64: 170.67381 | T64: -0.054797359 | U64: 77.91062 | V64: -0.041752818 | W64: 101.28995 | X64: 0.016267772 | Y64: 117.94231 | Z64: 0.014092975 | AA64: 64.078953 | AB64: -0.038013511 | AC64: 64.027054 | AD64: 0.043238147 | AE64: 108.97219 | AF64: 0.026667191 | AG64: 119.38013 | AH64: 0.071703696 | AI64: 101.6238 | AJ64: 0.13719158 | AK64: 172.68037 | AL64: 0.0098837094 | AM64: 67.222723 | AN64: 0.029412266 | AO64: 78.258629 | AP64: 0.027481691 | AQ64: 66.317783 | AR64: 0.032681264 | AS64: 79.959485 | AT64: 0.017402709 | AU64: 50.712553 | AV64: -0.036706967 | AW64: 57.056692 | AX64: 0.020986981 | AY64: 84.160876 | AZ64: 0.02952173 | BA64: 106.00426 | BB64: 0.032331553 | BC64: 94.459808 | BD64: 0.036034212 | BE64: 79.339257 | BF64: 0.038952112
A65: 1993 | B65: 2 | C65: 89.990251 | D65: 0.022422147 | E65: 89.713137 | F65: 0.021493143 | G65: 132.96838 | H65: -0.039092847 | I65: 77.684689 | J65: 0.02134395 | K65: 110.39128 | L65: 0.013349031 | M65: 225.61958 | N65: 0.019640006 | O65: 84.610983 | P65: 0.01196158 | Q65: 60.788127 | R65: 0.07198657 | S65: 170.58616 | T65: -0.037740392 | U65: 77.840346 | V65: -0.030799402 | W65: 102.0881 | X65: 0.018355046 | Y65: 118.08588 | Z65: 0.014997841 | AA65: 63.844677 | AB65: -0.04805616 | AC65: 65.089901 | AD65: 0.042783678 | AE65: 109.63083 | AF65: 0.024776597 | AG65: 125.50896 | AH65: 0.13266027 | AI65: 111.84907 | AJ65: 0.24192298 | AK65: 172.84285 | AL65: 0.023945025 | AM65: 67.663116 | AN65: 0.022784205 | AO65: 78.414874 | AP65: 0.015585172 | AQ65: 65.723836 | AR65: 0.036196354 | AS65: 80.122982 | AT65: 0.0060082594 | AU65: 52.973193 | AV65: -0.0065186099 | AW65: 57.671386 | AX65: 0.0094623662 | AY65: 84.647655 | AZ65: 0.022783269 | BA65: 94.825003 | BB65: 0.065908757 | BC65: 89.770599 | BD65: 0.049203677 | BE65: 79.890104 | BF65: 0.034474712
A66: 1993 | B66: 3 | C66: 90.386816 | D66: 0.026546729 | E66: 90.106192 | F66: 0.025862986 | G66: 135.70202 | H66: -0.022248972 | I66: 77.01875 | J66: 0.010235296 | K66: 110.32489 | L66: 0.0096914221 | M66: 221.80566 | N66: -0.00021356436 | O66: 84.878971 | P66: 0.012017033 | Q66: 60.953298 | R66: 0.041377529 | S66: 169.97132 | T66: -0.019674929 | U66: 78.155465 | V66: -0.0034134933 | W66: 101.64486 | X66: 0.023325001 | Y66: 116.45989 | Z66: 0.019799228 | AA66: 63.351597 | AB66: -0.05451764 | AC66: 65.420801 | AD66: 0.051670154 | AE66: 109.95036 | AF66: 0.020272203 | AG66: 128.40167 | AH66: 0.16120069 | AI66: 117.83033 | AJ66: 0.31253446 | AK66: 170.12732 | AL66: 0.010575262 | AM66: 68.144175 | AN66: 0.022548079 | AO66: 78.421848 | AP66: 0.010362283 | AQ66: 66.517906 | AR66: 0.032655855 | AS66: 80.146771 | AT66: 0.010724782 | AU66: 54.39707 | AV66: 0.040320757 | AW66: 58.780577 | AX66: 0.024868508 | AY66: 85.168256 | AZ66: 0.019372369 | BA66: 95.3301 | BB66: 0.058290748 | BC66: 90.280837 | BD66: 0.043010551 | BE66: 80.367707 | BF66: 0.030168474
A67: 1993 | B67: 4 | C67: 90.555612 | D67: 0.025753475 | E67: 90.430966 | F67: 0.025382603 | G67: 134.0342 | H67: -0.007695834 | I67: 77.857545 | J67: 0.011659131 | K67: 110.26957 | L67: 0.0078382255 | M67: 219.33332 | N67: -0.018069049 | O67: 85.027083 | P67: 0.013603987 | Q67: 63.220239 | R67: 0.0510911 | S67: 169.09848 | T67: -0.015808863 | U67: 79.413771 | V67: 0.022848352 | W67: 102.43664 | X67: 0.028824052 | Y67: 117.01606 | Z67: 0.024020124 | AA67: 63.115581 | AB67: -0.040163894 | AC67: 66.410178 | AD67: 0.061172229 | AE67: 110.35512 | AF67: 0.022105908 | AG67: 125.33247 | AH67: 0.10395107 | AI67: 115.01751 | AJ67: 0.22873826 | AK67: 164.47959 | AL67: -0.03034746 | AM67: 68.474614 | AN67: 0.02014475 | AO67: 78.493559 | AP67: 0.0073766732 | AQ67: 68.138874 | AR67: 0.027841172 | AS67: 80.441607 | AT67: 0.010605809 | AU67: 56.590088 | AV67: 0.14155664 | AW67: 60.796094 | AX67: 0.062360945 | AY67: 85.867482 | AZ67: 0.023601026 | BA67: 88.628015 | BB67: 0.04844509 | BC67: 87.212107 | BD67: 0.034765406 | BE67: 80.768363 | BF67: 0.026032913
... A193: 2025 | B193: 2 | C193: 107.54601 | D193: 0.006566659 | E193: 107.49393 | F193: 0.0062361239 | G193: 106.96159 | H193: 0.073325468 | I193: 109.28845 | J193: 0.044176961 | K193: 95.27038 | L193: 0.01831483 | M193: 78.424674 | N193: -0.023537579 | O193: 107.96374 | P193: 0.048902181 | Q193: 153.70196 | R193: -0.0084752413 | S193: 95.871963 | T193: -0.015634042 | U193: 117.52803 | V193: 0.0022543282 | W193: 124.81036 | X193: -0.038012885 | Y193: 102.34259 | Z193: -0.013046834 | AA193: 106.99524 | AB193: 0.019008548 | AC193: 109.44365 | AD193: 0.01912484 | AE193: 99.008565 | AF193: 0.011375056 | AG193: 108.93701 | AH193: -0.006412443 | AI193: 119.24031 | AJ193: -0.0037352117 | AK193: 103.85998 | AL193: -0.015547094 | AM193: 109.03392 | AN193: 0.026277539 | AO193: 110.77807 | AP193: 0.011544001 | AQ193: 110.19174 | AR193: 0.009549968 | AS193: 99.940097 | AT193: 0.004894463 | AU193: 93.066099 | AV193: 0.023937469 | AW193: 104.59851 | AX193: 0.014707596 | AY193: 104.04634 | AZ193: -0.016016686 | BA193: 109.75624 | BB193: 0.019360143 | BC193: 106.7253 | BD193: 0.011027425 | BE193: 103.35037 | BF193: 0.0015517021

Sheet gc_q
A1: =INDIRECT("beschriftung!"&ADDRESS(beschriftung!$C$1*12+ROW(beschriftung!$A1)-1,COLUMN(beschriftung!A$1))) -> ESA 2010, Quarterly aggregates of Gross Domestic Product, production approach, raw data
A2: =INDIRECT("beschriftung!"&ADDRESS(beschriftung!$C$1*12+ROW(beschriftung!$A5)-1,COLUMN(beschriftung!A$1))) -> Contributions to real GDP-growth
C4: =INDIRECT("beschriftung!"&ADDRESS(beschriftung!$C$1*12+ROW(beschriftung!$A5)-1,COLUMN(beschriftung!C$1))) -> Gross domestic product | D4: =IF(INDIRECT("beschriftung.!"&ADDRESS(#REF!*12+ROW($A5)-1,COLUMN(D$1)))="","",INDIRECT("beschriftung.!"&ADDRESS(#REF!*12+ROW($A5)-1,COLUMN(D$1)))) -> #REF! | E4: =IF(INDIRECT("beschriftung.!"&ADDRESS(#REF!*12+ROW($A5)-1,COLUMN(E$1)))="","",INDIRECT("beschriftung.!"&ADDRESS(#REF!*12+ROW($A5)-1,COLUMN(E$1)))) -> #REF! | F4: =IF(INDIRECT("beschriftung.!"&ADDRESS(#REF!*12+ROW($A5)-1,COLUMN(F$1)))="","",INDIRECT("beschriftung.!"&ADDRESS(#REF!*12+ROW($A5)-1,COLUMN(F$1)))) -> #REF! | G4: =IF(INDIRECT("beschriftung.!"&ADDRESS(#REF!*12+ROW($A5)-1,COLUMN(G$1)))="","",INDIRECT("beschriftung.!"&ADDRESS(#REF!*12+ROW($A5)-1,COLUMN(G$1)))) -> #REF! | H4: =IF(INDIRECT("beschriftung.!"&ADDRESS(#REF!*12+ROW($A5)-1,COLUMN(H$1)))="","",INDIRECT("beschriftung.!"&ADDRESS(#REF!*12+ROW($A5)-1,COLUMN(H$1)))) -> #REF! | I4: =IF(INDIRECT("beschriftung.!"&ADDRESS(#REF!*12+ROW($A5)-1,COLUMN(I$1)))="","",INDIRECT("beschriftung.!"&ADDRESS(#REF!*12+ROW($A5)-1,COLUMN(I$1)))) -> #REF! | J4: =IF(INDIRECT("beschriftung.!"&ADDRESS(#REF!*12+ROW($A5)-1,COLUMN(J$1)))="","",INDIRECT("beschriftung.!"&ADDRESS(#REF!*12+ROW($A5)-1,COLUMN(J$1)))) -> #REF! | K4: =IF(INDIRECT("beschriftung.!"&ADDRESS(#REF!*12+ROW($A5)-1,COLUMN(K$1)))="","",INDIRECT("beschriftung.!"&ADDRESS(#REF!*12+ROW($A5)-1,COLUMN(K$1)))) -> #REF! | L4: =IF(INDIRECT("beschriftung.!"&ADDRESS(#REF!*12+ROW($A5)-1,COLUMN(L$1)))="","",INDIRECT("beschriftung.!"&ADDRESS(#REF!*12+ROW($A5)-1,COLUMN(L$1)))) -> #REF! | Q4: =IF(INDIRECT("beschriftung.!"&ADDRESS(#REF!*12+ROW($A5)-1,COLUMN(Q$1)))="","",INDIRECT("beschriftung.!"&ADDRESS(#REF!*12+ROW($A5)-1,COLUMN(Q$1)))) -> #REF! | R4: =IF(INDIRECT("beschriftung.!"&ADDRESS(#REF!*12+ROW($A5)-1,COLUMN(R$1)))="","",INDIRECT("beschriftung.!"&ADDRESS(#REF!*12+ROW($A5)-1,COLUMN(R$1)))) -> #REF! | U4: =IF(INDIRECT("beschriftung.!"&ADDRESS(#REF!*12+ROW($A5)-1,COLUMN(U$1)))="","",INDIRECT("beschriftung.!"&ADDRESS(#REF!*12+ROW($A5)-1,COLUMN(U$1)))) -> #REF! | V4: =IF(INDIRECT("beschriftung.!"&ADDRESS(#REF!*12+ROW($A5)-1,COLUMN(V$1)))="","",INDIRECT("beschriftung.!"&ADDRESS(#REF!*12+ROW($A5)-1,COLUMN(V$1)))) -> #REF! | W4: =IF(INDIRECT("beschriftung.!"&ADDRESS(#REF!*12+ROW($A5)-1,COLUMN(W$1)))="","",INDIRECT("beschriftung.!"&ADDRESS(#REF!*12+ROW($A5)-1,COLUMN(W$1)))) -> #REF! | X4: =IF(INDIRECT("beschriftung.!"&ADDRESS(#REF!*12+ROW($A5)-1,COLUMN(X$1)))="","",INDIRECT("beschriftung.!"&ADDRESS(#REF!*12+ROW($A5)-1,COLUMN(X$1)))) -> #REF! | AA4: =IF(INDIRECT("beschriftung.!"&ADDRESS(#REF!*12+ROW($A5)-1,COLUMN(AA$1)))="","",INDIRECT("beschriftung.!"&ADDRESS(#REF!*12+ROW($A5)-1,COLUMN(AA$1)))) -> #REF! | AB4: =IF(INDIRECT("beschriftung.!"&ADDRESS(#REF!*12+ROW($A5)-1,COLUMN(AB$1)))="","",INDIRECT("beschriftung.!"&ADDRESS(#REF!*12+ROW($A5)-1,COLUMN(AB$1)))) -> #REF! | AG4: =IF(INDIRECT("beschriftung.!"&ADDRESS(#REF!*12+ROW($A5)-1,COLUMN(AG$1)))="","",INDIRECT("beschriftung.!"&ADDRESS(#REF!*12+ROW($A5)-1,COLUMN(AG$1)))) -> #REF! | AH4: =IF(INDIRECT("beschriftung.!"&ADDRESS(#REF!*12+ROW($A5)-1,COLUMN(AH$1)))="","",INDIRECT("beschriftung.!"&ADDRESS(#REF!*12+ROW($A5)-1,COLUMN(AH$1)))) -> #REF! | AI4: =IF(INDIRECT("beschriftung.!"&ADDRESS(#REF!*12+ROW($A5)-1,COLUMN(AI$1)))="","",INDIRECT("beschriftung.!"&ADDRESS(#REF!*12+ROW($A5)-1,COLUMN(AI$1)))) -> #REF! | AJ4: =IF(INDIRECT("beschriftung.!"&ADDRESS(#REF!*12+ROW($A5)-1,COLUMN(AJ$1)))="","",INDIRECT("beschriftung.!"&ADDRESS(#REF!*12+ROW($A5)-1,COLUMN(AJ$1)))) -> #REF! | AM4: =IF(INDIRECT("beschriftung.!"&ADDRESS(#REF!*12+ROW($A5)-1,COLUMN(AM$1)))="","",INDIRECT("beschriftung.!"&ADDRESS(#REF!*12+ROW($A5)-1,COLUMN(AM$1)))) -> #REF! | AN4: =IF(INDIRECT("beschriftung.!"&ADDRESS(#REF!*12+ROW($A5)-1,COLUMN(AN$1)))="","",INDIRECT("beschriftung.!"&ADDRESS(#REF!*12+ROW($A5)-1,COLUMN(AN$1)))) -> #REF! | AO4: =IF(INDIRECT("beschriftung.!"&ADDRESS(#REF!*12+ROW($A5)-1,COLUMN(AO$1)))="","",INDIRECT("beschriftung.!"&ADDRESS(#REF!*12+ROW($A5)-1,COLUMN(AO$1)))) -> #REF! | AP4: =IF(INDIRECT("beschriftung.!"&ADDRESS(#REF!*12+ROW($A5)-1,COLUMN(AP$1)))="","",INDIRECT("beschriftung.!"&ADDRESS(#REF!*12+ROW($A5)-1,COLUMN(AP$1)))) -> #REF! | AQ4: =IF(INDIRECT("beschriftung.!"&ADDRESS(#REF!*12+ROW($A5)-1,COLUMN(AQ$1)))="","",INDIRECT("beschriftung.!"&ADDRESS(#REF!*12+ROW($A5)-1,COLUMN(AQ$1)))) -> #REF! | AR4: =IF(INDIRECT("beschriftung.!"&ADDRESS(#REF!*12+ROW($A5)-1,COLUMN(AR$1)))="","",INDIRECT("beschriftung.!"&ADDRESS(#REF!*12+ROW($A5)-1,COLUMN(AR$1)))) -> #REF! | AS4: =IF(INDIRECT("beschriftung.!"&ADDRESS(#REF!*12+ROW($A5)-1,COLUMN(AS$1)))="","",INDIRECT("beschriftung.!"&ADDRESS(#REF!*12+ROW($A5)-1,COLUMN(AS$1)))) -> #REF! | AT4: =IF(INDIRECT("beschriftung.!"&ADDRESS(#REF!*12+ROW($A5)-1,COLUMN(AT$1)))="","",INDIRECT("beschriftung.!"&ADDRESS(#REF!*12+ROW($A5)-1,COLUMN(AT$1)))) -> #REF! | ... AV4: =IF(INDIRECT("beschriftung.!"&ADDRESS(#REF!*12+ROW($A5)-1,COLUMN(AV$1)))="","",INDIRECT("beschriftung.!"&ADDRESS(#REF!*12+ROW($A5)-1,COLUMN(AV$1)))) -> #REF! | AY4: =IF(INDIRECT("beschriftung.!"&ADDRESS(#REF!*12+ROW($A5)-1,COLUMN(AY$1)))="","",INDIRECT("beschriftung.!"&ADDRESS(#REF!*12+ROW($A5)-1,COLUMN(AY$1)))) -> #REF! | AZ4: =IF(INDIRECT("beschriftung.!"&ADDRESS(#REF!*12+ROW($A5)-1,COLUMN(AZ$1)))="","",INDIRECT("beschriftung.!"&ADDRESS(#REF!*12+ROW($A5)-1,COLUMN(AZ$1)))) -> #REF! | BA4: =IF(INDIRECT("beschriftung.!"&ADDRESS(#REF!*12+ROW($A5)-1,COLUMN(BA$1)))="","",INDIRECT("beschriftung.!"&ADDRESS(#REF!*12+ROW($A5)-1,COLUMN(BA$1)))) -> #REF! | BB4: =IF(INDIRECT("beschriftung.!"&ADDRESS(#REF!*12+ROW($A5)-1,COLUMN(BB$1)))="","",INDIRECT("beschriftung.!"&ADDRESS(#REF!*12+ROW($A5)-1,COLUMN(BB$1)))) -> #REF! | BC4: =IF(INDIRECT("beschriftung.!"&ADDRESS(#REF!*12+ROW($A5)-1,COLUMN(BC$1)))="","",INDIRECT("beschriftung.!"&ADDRESS(#REF!*12+ROW($A5)-1,COLUMN(BC$1)))) -> #REF! | BD4: =IF(INDIRECT("beschriftung.!"&ADDRESS(#REF!*12+ROW($A5)-1,COLUMN(BD$1)))="","",INDIRECT("beschriftung.!"&ADDRESS(#REF!*12+ROW($A5)-1,COLUMN(BD$1)))) -> #REF! | BE4: =IF(INDIRECT("beschriftung.!"&ADDRESS(#REF!*12+ROW($A5)-1,COLUMN(BE$1)))="","",INDIRECT("beschriftung.!"&ADDRESS(#REF!*12+ROW($A5)-1,COLUMN(BE$1)))) -> #REF! | BF4: =IF(INDIRECT("beschriftung.!"&ADDRESS(#REF!*12+ROW($A5)-1,COLUMN(BF$1)))="","",INDIRECT("beschriftung.!"&ADDRESS(#REF!*12+ROW($A5)-1,COLUMN(BF$1)))) -> #REF!
E5: =INDIRECT("beschriftung!"&ADDRESS(beschriftung!$C$1*12+ROW(beschriftung!$A6)-1,COLUMN(beschriftung!D$1))) -> Gross value added before adjustments | F5: =IF(INDIRECT("beschriftung.!"&ADDRESS(#REF!*12+ROW($A6)-1,COLUMN(F$1)))="","",INDIRECT("beschriftung.!"&ADDRESS(#REF!*12+ROW($A6)-1,COLUMN(F$1)))) -> #REF! | G5: =IF(INDIRECT("beschriftung.!"&ADDRESS(#REF!*12+ROW($A6)-1,COLUMN(G$1)))="","",INDIRECT("beschriftung.!"&ADDRESS(#REF!*12+ROW($A6)-1,COLUMN(G$1)))) -> #REF! | H5: =IF(INDIRECT("beschriftung.!"&ADDRESS(#REF!*12+ROW($A6)-1,COLUMN(H$1)))="","",INDIRECT("beschriftung.!"&ADDRESS(#REF!*12+ROW($A6)-1,COLUMN(H$1)))) -> #REF! | I5: =IF(INDIRECT("beschriftung.!"&ADDRESS(#REF!*12+ROW($A6)-1,COLUMN(I$1)))="","",INDIRECT("beschriftung.!"&ADDRESS(#REF!*12+ROW($A6)-1,COLUMN(I$1)))) -> #REF! | J5: =IF(INDIRECT("beschriftung.!"&ADDRESS(#REF!*12+ROW($A6)-1,COLUMN(J$1)))="","",INDIRECT("beschriftung.!"&ADDRESS(#REF!*12+ROW($A6)-1,COLUMN(J$1)))) -> #REF! | K5: =IF(INDIRECT("beschriftung.!"&ADDRESS(#REF!*12+ROW($A6)-1,COLUMN(K$1)))="","",INDIRECT("beschriftung.!"&ADDRESS(#REF!*12+ROW($A6)-1,COLUMN(K$1)))) -> #REF! | L5: =IF(INDIRECT("beschriftung.!"&ADDRESS(#REF!*12+ROW($A6)-1,COLUMN(L$1)))="","",INDIRECT("beschriftung.!"&ADDRESS(#REF!*12+ROW($A6)-1,COLUMN(L$1)))) -> #REF! | Q5: =IF(INDIRECT("beschriftung.!"&ADDRESS(#REF!*12+ROW($A6)-1,COLUMN(Q$1)))="","",INDIRECT("beschriftung.!"&ADDRESS(#REF!*12+ROW($A6)-1,COLUMN(Q$1)))) -> #REF! | R5: =IF(INDIRECT("beschriftung.!"&ADDRESS(#REF!*12+ROW($A6)-1,COLUMN(R$1)))="","",INDIRECT("beschriftung.!"&ADDRESS(#REF!*12+ROW($A6)-1,COLUMN(R$1)))) -> #REF! | U5: =IF(INDIRECT("beschriftung.!"&ADDRESS(#REF!*12+ROW($A6)-1,COLUMN(U$1)))="","",INDIRECT("beschriftung.!"&ADDRESS(#REF!*12+ROW($A6)-1,COLUMN(U$1)))) -> #REF! | V5: =IF(INDIRECT("beschriftung.!"&ADDRESS(#REF!*12+ROW($A6)-1,COLUMN(V$1)))="","",INDIRECT("beschriftung.!"&ADDRESS(#REF!*12+ROW($A6)-1,COLUMN(V$1)))) -> #REF! | W5: =IF(INDIRECT("beschriftung.!"&ADDRESS(#REF!*12+ROW($A6)-1,COLUMN(W$1)))="","",INDIRECT("beschriftung.!"&ADDRESS(#REF!*12+ROW($A6)-1,COLUMN(W$1)))) -> #REF! | X5: =IF(INDIRECT("beschriftung.!"&ADDRESS(#REF!*12+ROW($A6)-1,COLUMN(X$1)))="","",INDIRECT("beschriftung.!"&ADDRESS(#REF!*12+ROW($A6)-1,COLUMN(X$1)))) -> #REF! | AA5: =IF(INDIRECT("beschriftung.!"&ADDRESS(#REF!*12+ROW($A6)-1,COLUMN(AA$1)))="","",INDIRECT("beschriftung.!"&ADDRESS(#REF!*12+ROW($A6)-1,COLUMN(AA$1)))) -> #REF! | AB5: =IF(INDIRECT("beschriftung.!"&ADDRESS(#REF!*12+ROW($A6)-1,COLUMN(AB$1)))="","",INDIRECT("beschriftung.!"&ADDRESS(#REF!*12+ROW($A6)-1,COLUMN(AB$1)))) -> #REF! | AG5: =IF(INDIRECT("beschriftung.!"&ADDRESS(#REF!*12+ROW($A6)-1,COLUMN(AG$1)))="","",INDIRECT("beschriftung.!"&ADDRESS(#REF!*12+ROW($A6)-1,COLUMN(AG$1)))) -> #REF! | AH5: =IF(INDIRECT("beschriftung.!"&ADDRESS(#REF!*12+ROW($A6)-1,COLUMN(AH$1)))="","",INDIRECT("beschriftung.!"&ADDRESS(#REF!*12+ROW($A6)-1,COLUMN(AH$1)))) -> #REF! | AI5: =IF(INDIRECT("beschriftung.!"&ADDRESS(#REF!*12+ROW($A6)-1,COLUMN(AI$1)))="","",INDIRECT("beschriftung.!"&ADDRESS(#REF!*12+ROW($A6)-1,COLUMN(AI$1)))) -> #REF! | AJ5: =IF(INDIRECT("beschriftung.!"&ADDRESS(#REF!*12+ROW($A6)-1,COLUMN(AJ$1)))="","",INDIRECT("beschriftung.!"&ADDRESS(#REF!*12+ROW($A6)-1,COLUMN(AJ$1)))) -> #REF! | AM5: =IF(INDIRECT("beschriftung.!"&ADDRESS(#REF!*12+ROW($A6)-1,COLUMN(AM$1)))="","",INDIRECT("beschriftung.!"&ADDRESS(#REF!*12+ROW($A6)-1,COLUMN(AM$1)))) -> #REF! | AN5: =IF(INDIRECT("beschriftung.!"&ADDRESS(#REF!*12+ROW($A6)-1,COLUMN(AN$1)))="","",INDIRECT("beschriftung.!"&ADDRESS(#REF!*12+ROW($A6)-1,COLUMN(AN$1)))) -> #REF! | AO5: =IF(INDIRECT("beschriftung.!"&ADDRESS(#REF!*12+ROW($A6)-1,COLUMN(AO$1)))="","",INDIRECT("beschriftung.!"&ADDRESS(#REF!*12+ROW($A6)-1,COLUMN(AO$1)))) -> #REF! | AP5: =IF(INDIRECT("beschriftung.!"&ADDRESS(#REF!*12+ROW($A6)-1,COLUMN(AP$1)))="","",INDIRECT("beschriftung.!"&ADDRESS(#REF!*12+ROW($A6)-1,COLUMN(AP$1)))) -> #REF! | AQ5: =IF(INDIRECT("beschriftung.!"&ADDRESS(#REF!*12+ROW($A6)-1,COLUMN(AQ$1)))="","",INDIRECT("beschriftung.!"&ADDRESS(#REF!*12+ROW($A6)-1,COLUMN(AQ$1)))) -> #REF! | AR5: =IF(INDIRECT("beschriftung.!"&ADDRESS(#REF!*12+ROW($A6)-1,COLUMN(AR$1)))="","",INDIRECT("beschriftung.!"&ADDRESS(#REF!*12+ROW($A6)-1,COLUMN(AR$1)))) -> #REF! | AS5: =IF(INDIRECT("beschriftung.!"&ADDRESS(#REF!*12+ROW($A6)-1,COLUMN(AS$1)))="","",INDIRECT("beschriftung.!"&ADDRESS(#REF!*12+ROW($A6)-1,COLUMN(AS$1)))) -> #REF! | AT5: =IF(INDIRECT("beschriftung.!"&ADDRESS(#REF!*12+ROW($A6)-1,COLUMN(AT$1)))="","",INDIRECT("beschriftung.!"&ADDRESS(#REF!*12+ROW($A6)-1,COLUMN(AT$1)))) -> #REF! | ... AV5: =IF(INDIRECT("beschriftung.!"&ADDRESS(#REF!*12+ROW($A6)-1,COLUMN(AV$1)))="","",INDIRECT("beschriftung.!"&ADDRESS(#REF!*12+ROW($A6)-1,COLUMN(AV$1)))) -> #REF! | AY5: =IF(INDIRECT("beschriftung.!"&ADDRESS(#REF!*12+ROW($A6)-1,COLUMN(AY$1)))="","",INDIRECT("beschriftung.!"&ADDRESS(#REF!*12+ROW($A6)-1,COLUMN(AY$1)))) -> #REF! | AZ5: =IF(INDIRECT("beschriftung.!"&ADDRESS(#REF!*12+ROW($A6)-1,COLUMN(AZ$1)))="","",INDIRECT("beschriftung.!"&ADDRESS(#REF!*12+ROW($A6)-1,COLUMN(AZ$1)))) -> #REF! | BA5: =INDIRECT("beschriftung!"&ADDRESS(beschriftung!$C$1*12+ROW(beschriftung!$A6)-1,COLUMN(beschriftung!AS$1))) -> Adjustments | BB5: =IF(INDIRECT("beschriftung.!"&ADDRESS(#REF!*12+ROW($A6)-1,COLUMN(BB$1)))="","",INDIRECT("beschriftung.!"&ADDRESS(#REF!*12+ROW($A6)-1,COLUMN(BB$1)))) -> #REF! | BC5: =IF(INDIRECT("beschriftung.!"&ADDRESS(#REF!*12+ROW($A6)-1,COLUMN(BC$1)))="","",INDIRECT("beschriftung.!"&ADDRESS(#REF!*12+ROW($A6)-1,COLUMN(BC$1)))) -> #REF! | BD5: =IF(INDIRECT("beschriftung.!"&ADDRESS(#REF!*12+ROW($A6)-1,COLUMN(BD$1)))="","",INDIRECT("beschriftung.!"&ADDRESS(#REF!*12+ROW($A6)-1,COLUMN(BD$1)))) -> #REF! | BE5: =IF(INDIRECT("beschriftung.!"&ADDRESS(#REF!*12+ROW($A6)-1,COLUMN(BE$1)))="","",INDIRECT("beschriftung.!"&ADDRESS(#REF!*12+ROW($A6)-1,COLUMN(BE$1)))) -> #REF! | BF5: =IF(INDIRECT("beschriftung.!"&ADDRESS(#REF!*12+ROW($A6)-1,COLUMN(BF$1)))="","",INDIRECT("beschriftung.!"&ADDRESS(#REF!*12+ROW($A6)-1,COLUMN(BF$1)))) -> #REF!
G6: =INDIRECT("beschriftung!"&ADDRESS(beschriftung!$C$1*12+ROW(beschriftung!$A7)-1,COLUMN(beschriftung!E$1))) -> Agriculture, forestry and fishing | I6: =INDIRECT("beschriftung!"&ADDRESS(beschriftung!$C$1*12+ROW(beschriftung!$A7)-1,COLUMN(beschriftung!G$1))) -> Mining and quarrying | K6: =INDIRECT("beschriftung!"&ADDRESS(beschriftung!$C$1*12+ROW(beschriftung!$A7)-1,COLUMN(beschriftung!I$1))) -> Manufacturing | Q6: =INDIRECT("beschriftung!"&ADDRESS(beschriftung!$C$1*12+ROW(beschriftung!$A7)-1,COLUMN(beschriftung!M$1))) -> Electricity, gas, steam and air conditioning supply | S6: =INDIRECT("beschriftung!"&ADDRESS(beschriftung!$C$1*12+ROW(beschriftung!$A7)-1,COLUMN(beschriftung!O$1))) -> Water supply, sewerage, waste management and remediation activities | U6: =INDIRECT("beschriftung!"&ADDRESS(beschriftung!$C$1*12+ROW(beschriftung!$A7)-1,COLUMN(beschriftung!Q$1))) -> Construction | W6: =INDIRECT("beschriftung!"&ADDRESS(beschriftung!$C$1*12+ROW(beschriftung!$A7)-1,COLUMN(beschriftung!S$1))) -> Trade, repair of motor vehicles and motorcycles | AA6: =INDIRECT("beschriftung!"&ADDRESS(beschriftung!$C$1*12+ROW(beschriftung!$A7)-1,COLUMN(beschriftung!W$1))) -> Transportation and storage | AC6: =INDIRECT("beschriftung!"&ADDRESS(beschriftung!$C$1*12+ROW(beschriftung!$A7)-1,COLUMN(beschriftung!Y$1))) -> Accommodation and food service activities | AE6: =INDIRECT("beschriftung!"&ADDRESS(beschriftung!$C$1*12+ROW(beschriftung!$A7)-1,COLUMN(beschriftung!X$1))) -> Information and communication | AG6: =INDIRECT("beschriftung!"&ADDRESS(beschriftung!$C$1*12+ROW(beschriftung!$A7)-1,COLUMN(beschriftung!AA$1))) -> Financial and insurance activities | AM6: =INDIRECT("beschriftung!"&ADDRESS(beschriftung!$C$1*12+ROW(beschriftung!$A7)-1,COLUMN(beschriftung!AE$1))) -> Real estate, professional, scientific, technical activities and administrative services | AO6: =INDIRECT("beschriftung!"&ADDRESS(beschriftung!$C$1*12+ROW(beschriftung!$A7)-1,COLUMN(beschriftung!AG$1))) -> Public administration | AQ6: =INDIRECT("beschriftung!"&ADDRESS(beschriftung!$C$1*12+ROW(beschriftung!$A7)-1,COLUMN(beschriftung!AI$1))) -> Education | AS6: =INDIRECT("beschriftung!"&ADDRESS(beschriftung!$C$1*12+ROW(beschriftung!$A7)-1,COLUMN(beschriftung!AK$1))) -> Human health and social work activities | AU6: =INDIRECT("beschriftung!"&ADDRESS(beschriftung!$C$1*12+ROW(beschriftung!$A7)-1,COLUMN(beschriftung!AM$1))) -> Arts, entertainment and recreation | AW6: =INDIRECT("beschriftung!"&ADDRESS(beschriftung!$C$1*12+ROW(beschriftung!$A7)-1,COLUMN(beschriftung!AO$1))) -> Other service activities | AY6: =INDIRECT("beschriftung!"&ADDRESS(beschriftung!$C$1*12+ROW(beschriftung!$A7)-1,COLUMN(beschriftung!AQ$1))) -> Activities of housholds as employers and producers for own use | BC6: =INDIRECT("beschriftung!"&ADDRESS(beschriftung!$C$1*12+ROW(beschriftung!$A7)-1,COLUMN(beschriftung!AU$1))) -> Taxes on products | BE6: =INDIRECT("beschriftung!"&ADDRESS(beschriftung!$C$1*12+ROW(beschriftung!$A7)-1,COLUMN(beschriftung!AW$1))) -> Subsidies on products
M8: =INDIRECT("beschriftung!"&ADDRESS(beschriftung!$C$1*12+ROW(beschriftung!$A7),COLUMN(beschriftung!J$1))) -> thereof chemicals and pharmaceuticals | O8: =INDIRECT("beschriftung!"&ADDRESS(beschriftung!$C$1*12+ROW(beschriftung!$A7),COLUMN(beschriftung!K$1))) -> thereof other manufacturing | Y8: =INDIRECT("beschriftung!"&ADDRESS(beschriftung!$C$1*12+ROW(beschriftung!$A7),COLUMN(beschriftung!U$1))) -> thereof retail trade | AI8: =INDIRECT("beschriftung!"&ADDRESS(beschriftung!$C$1*12+ROW(beschriftung!$A7),COLUMN(beschriftung!AB$1))) -> thereof financial activities | AK8: =INDIRECT("beschriftung!"&ADDRESS(beschriftung!$C$1*12+ROW(beschriftung!$A7),COLUMN(beschriftung!AC$1))) -> thereof insurance activities
C11: B1GQ | E11: B1G | G11: NOGA 01-03 | I11: NOGA 05-09 | K11: NOGA 10-33 | M11: NOGA 19-21 | O11: NOGA 10-18; 22-33 | Q11: NOGA 35 | S11: NOGA 36-39 | U11: NOGA 41-43 | W11: NOGA 45-47 | Y11: NOGA 47 | AA11: NOGA 49-53 | AC11: NOGA 55-56 | AE11: NOGA 58-63 | AG11: NOGA 64-66 | AI11: NOGA 64 | AK11: NOGA 65 | AM11: NOGA 68-75; 77-82 | AO11: NOGA 84 | AQ11: NOGA 85 | AS11: NOGA 86-88 | AU11: NOGA 90-93 | AW11: NOGA 94-96 | AY11: NOGA 97-98 | BC11: D21 | BE11: D31
A12: 1980 | B12: 1
A13: 1980 | B13: 2
A14: 1980 | B14: 3
A15: 1980 | B15: 4
A16: 1981 | B16: 1
A17: 1981 | B17: 2
A18: 1981 | B18: 3
A19: 1981 | B19: 4
A20: 1982 | B20: 1
A21: 1982 | B21: 2
A22: 1982 | B22: 3
A23: 1982 | B23: 4
... A51: 1989 | B51: 4
A52: 1990 | B52: 1 | E52: 0.058112487 | G52: -0.00038197203 | I52: -7.4900331e-05 | K52: 0.018735182 | M52: 0.0028074611 | O52: 0.015892242 | Q52: 0.0012268498 | S52: 0.00056172843 | U52: 0.0031985877 | W52: 0.016975294 | Y52: 0.0020399337 | AA52: -0.0018258438 | AC52: 0.0010927338 | AE52: 0.00034806199 | AG52: 0.0043491333 | AI52: 0.0019998504 | AK52: 0.0022954771 | AM52: 0.0042474846 | AO52: 0.003839861 | AQ52: 0.0036676925 | AS52: 0.0011729476 | AU52: 1.3761965e-05 | AW52: 0.00085005854 | AY52: 0.00024481982 | BA52: 0.0015514397 | BC52: 0.0027727739 | BE52: -0.0012626985
A53: 1990 | B53: 2 | E53: 0.038028724 | G53: -0.0010740413 | I53: -0.0001072246 | K53: 0.0083343012 | M53: 0.0020769901 | O53: 0.0062627944 | Q53: 0.00095507786 | S53: 0.00061102018 | U53: 0.0019515461 | W53: 0.014192871 | Y53: 0.0024960694 | AA53: -0.0036070451 | AC53: 0.002239856 | AE53: 0.00047137366 | AG53: 0.00018654876 | AI53: -0.0022403147 | AK53: 0.0025035794 | AM53: 0.0042724434 | AO53: 0.0042056815 | AQ53: 0.0041288915 | AS53: 0.00080637683 | AU53: -0.00014750219 | AW53: 0.00055894176 | AY53: 0.00026490657 | BA53: 0.001435769 | BC53: 0.0018555282 | BE53: -0.00039838024
A54: 1990 | B54: 3 | E54: 0.031009202 | G54: -0.0014537601 | I54: -7.2667093e-05 | K54: 0.010186908 | M54: 0.0016938319 | O54: 0.0084683002 | Q54: 0.0014695634 | S54: 0.00068423638 | U54: 0.0021085822 | W54: 0.0069398885 | Y54: 0.00027540321 | AA54: -0.0035174059 | AC54: 0.0019192333 | AE54: 0.00071477476 | AG54: -0.00070518378 | AI54: -0.0028549577 | AK54: 0.0025573932 | AM54: 0.0040627938 | AO54: 0.0038456051 | AQ54: 0.0039374166 | AS54: 0.00043701637 | AU54: -7.2949228e-05 | AW54: 0.00027366998 | AY54: 0.00025001016 | BA54: 0.0013114216 | BC54: 0.0014765366 | BE54: -0.00019105035
A55: 1990 | B55: 4 | E55: 0.016508117 | G55: -0.0012258184 | I55: -4.0730512e-05 | K55: 0.0057429077 | M55: 0.0013688484 | O55: 0.0044225999 | Q55: 0.0015285168 | S55: 0.0007590186 | U55: 0.00163275 | W55: 1.852308e-05 | Y55: -0.00017985078 | AA55: -0.0017298112 | AC55: 0.0014684085 | AE55: 0.00087285664 | AG55: -0.001570353 | AI55: -0.0034067001 | AK55: 0.0022548323 | AM55: 0.0026472752 | AO55: 0.0033185185 | AQ55: 0.0026795672 | AS55: 0.00037976116 | AU55: 0.00011217715 | AW55: -0.00044908214 | AY55: 0.00018023695 | BA55: 0.00063346143 | BC55: 0.00064783164 | BE55: 3.7293561e-05
A56: 1991 | B56: 1 | E56: -0.0011816823 | G56: -0.00062781389 | I56: -8.2845327e-06 | K56: 0.0010847149 | M56: 0.0011237263 | O56: -2.2216921e-05 | Q56: 0.0011878223 | S56: 0.00090615098 | U56: -0.0014550367 | W56: -0.011358362 | Y56: -0.0019810795 | AA56: 0.002309201 | AC56: 0.0012043839 | AE56: 0.0010596716 | AG56: 0.00088472656 | AI56: -0.00069695615 | AK56: 0.0017980062 | AM56: 0.0015447433 | AO56: 0.0020416809 | AQ56: 0.00067015027 | AS56: 0.00045864009 | AU56: 0.00038368258 | AW56: -0.0015015081 | AY56: 7.4736178e-05 | BA56: -0.00093174799 | BC56: -0.0002993869 | BE56: -0.00059490843
A57: 1991 | B57: 2 | E57: -0.010295123 | G57: -0.00024144961 | I57: 2.5076697e-05 | K57: 0.0026176766 | M57: 0.0014739729 | O57: 0.0011352396 | Q57: -0.00025893352 | S57: 0.00098475492 | U57: -0.00213746 | W57: -0.018809599 | Y57: -0.0041830339 | AA57: 0.0044918665 | AC57: -2.2399035e-05 | AE57: 0.0010935163 | AG57: 0.0031955391 | AI57: 0.0014436524 | AK57: 0.0016382711 | AM57: -0.00018865155 | AO57: 0.0010149193 | AQ57: -0.00067872721 | AS57: 0.00030445034 | AU57: 0.00033361697 | AW57: -0.001962278 | AY57: 1.6417042e-06 | BA57: -0.0026622263 | BC57: -0.00089807666 | BE57: -0.0017834843
A58: 1991 | B58: 3 | E58: -0.0099547809 | G58: 8.9369615e-05 | I58: -7.7014131e-06 | K58: 0.001795262 | M58: 0.0020442638 | O58: -0.00025283978 | Q58: 0.00048758496 | S58: 0.0010560398 | U58: -0.003485665 | W58: -0.016137044 | Y58: -0.0032656744 | AA58: 0.0054086678 | AC58: -8.2568242e-05 | AE58: 0.00088146003 | AG58: 0.0031660991 | AI58: 0.0010783836 | AK58: 0.0018695939 | AM58: -0.00094181582 | AO58: 0.00051863898 | AQ58: -0.0014272881 | AS58: 0.00038663415 | AU58: 0.0002300766 | AW58: -0.0021670263 | AY58: -3.9401775e-05 | BA58: -0.0034010825 | BC58: -0.0011997457 | BE58: -0.0021227696
A59: 1991 | B59: 4 | E59: -0.0053150672 | G59: 0.00029126281 | I59: -8.2402625e-05 | K59: -0.0004983497 | M59: 0.0022445813 | O59: -0.0027419248 | Q59: 0.00064101722 | S59: 0.0010445822 | U59: -0.0022799636 | W59: -0.010388571 | Y59: -0.001485067 | AA59: 0.0047472724 | AC59: -0.00020244866 | AE59: 0.00036512801 | AG59: 0.0049850166 | AI59: 0.0022757914 | AK59: 0.0023629497 | AM59: -0.00082615502 | AO59: 0.00022032589 | AQ59: -0.0015014169 | AS59: 0.00042899091 | AU59: 2.9719836e-05 | AW59: -0.0019788764 | AY59: -4.6764786e-05 | BA59: -0.002675669 | BC59: -0.001177796 | BE59: -0.0017033922
A60: 1992 | B60: 1 | E60: 0.0026611581 | G60: 0.00077179269 | I60: -0.00016545103 | K60: 0.0036285734 | M60: 0.0029619269 | O60: 0.00070525243 | Q60: 0.00012041282 | S60: 0.0010254024 | U60: -0.0033428346 | W60: -0.0031296563 | Y60: -0.0010843772 | AA60: 0.0024841105 | AC60: -0.00046736023 | AE60: -0.00010409665 | AG60: 0.0042095599 | AI60: 0.00075819236 | AK60: 0.0033091796 | AM60: -0.00055067387 | AO60: 0.00041723126 | AQ60: -0.0009672942 | AS60: 0.00039044086 | AU60: -0.00031195583 | AW60: -0.0014576065 | AY60: -2.9256543e-05 | BA60: -0.0019094347 | BC60: -0.001243508 | BE60: -0.00057307159
A61: 1992 | B61: 2 | E61: 0.0053178112 | G61: 0.00077853347 | I61: -0.00026336438 | K61: 0.0014661107 | M61: 0.002393793 | O61: -0.0009471467 | Q61: 0.0010863946 | S61: 0.00090272086 | U61: -0.0028795045 | W61: 0.0024909965 | Y61: 0.00070982011 | AA61: 0.0011717421 | AC61: -0.00049429752 | AE61: -0.00082494331 | AG61: 0.0015976353 | AI61: -0.0020048904 | AK61: 0.0036500074 | AM61: 0.00048957037 | AO61: 0.00044588212 | AQ61: -0.00035429553 | AS61: 0.00085383993 | AU61: -0.00026512167 | AW61: -0.00077178883 | AY61: -1.8316568e-05 | BA61: -0.00089258059 | BC61: -0.0011267033 | BE61: 0.00022319695
A62: 1992 | B62: 3 | E62: 0.00078996371 | G62: 0.00052609647 | I62: -0.00026271483 | K62: 0.0006364802 | M62: 0.0016005959 | O62: -0.00096901979 | Q62: 0.0012405805 | S62: 0.00074523285 | U62: -0.0036323457 | W62: 0.0040331075 | Y62: 0.0006273719 | AA62: 0.00010767078 | AC62: -0.0011251445 | AE62: -0.0017999616 | AG62: 0.0028817641 | AI62: -0.00050769019 | AK62: 0.0036016992 | AM62: -0.00068330524 | AO62: -0.00015778737 | AQ62: 0.00028475911 | AS62: -0.00044269726 | AU62: -0.00069437056 | AW62: -0.00098654294 | AY62: -1.0279894e-05 | BA62: -0.00049302616 | BC62: -0.0012133513 | BE62: 0.00075231522
A63: 1992 | B63: 4 | E63: -0.0069391417 | G63: 0.00020469727 | I63: -0.00021962265 | K63: -0.0049673732 | M63: 0.0011172693 | O63: -0.0060864902 | Q63: 3.4350559e-06 | S63: 0.00047471348 | U63: 0.00075360969 | W63: -0.0017089874 | Y63: -0.00050778452 | AA63: -0.00046430921 | AC63: -0.00090660036 | AE63: -0.002381606 | AG63: 0.0060666819 | AI63: 0.0033801916 | AK63: 0.0030098126 | AM63: -0.0019346133 | AO63: -0.00081568219 | AQ63: 0.00097718307 | AS63: -0.00045634388 | AU63: -0.00058207142 | AW63: -0.00091861612 | AY63: -4.9924002e-06 | BA63: -0.00027437367 | BC63: -0.0010993127 | BE63: 0.00085611262
... A193: 2025 | B193: 2 | E193: 0.012375298 | G193: -0.00012744503 | I193: -1.1699261e-05 | K193: -0.0007172538 | M193: 0.0056298369 | O193: -0.0062966262 | Q193: -0.00066961431 | S193: 2.6374503e-05 | U193: 0.00052882017 | W193: 0.00699703 | Y193: 0.00083630941 | AA193: 0.00072910849 | AC193: 0.0002096524 | AE193: 0.0005996425 | AG193: 0.0023181101 | AI193: 0.0021280257 | AK193: -7.8739569e-05 | AM193: 0.0014308888 | AO193: 0.0015871246 | AQ193: 0.00069334724 | AS193: 0.0015571583 | AU193: -0.0026028867 | AW193: -6.3295885e-05 | AY193: 6.1080597e-05 | BA193: 0.00050027212 | BC193: 0.00066178861 | BE193: -0.00015771317

Sheet nom_y
A1: =INDIRECT("beschriftung!"&ADDRESS(beschriftung!$C$1*12+ROW(beschriftung!$A1)-1,COLUMN(beschriftung!A$1))) -> ESA 2010, Quarterly aggregates of Gross Domestic Product, production approach, raw data
A2: =INDIRECT("beschriftung!"&ADDRESS(beschriftung!$C$1*12+ROW(beschriftung!$A2)-1,COLUMN(beschriftung!B$1))) -> In Mio. Swiss Francs, at current prices, percentage change to previous year
C4: =INDIRECT("beschriftung!"&ADDRESS(beschriftung!$C$1*12+ROW(beschriftung!$A5)-1,COLUMN(beschriftung!C$1))) -> Gross domestic product | D4: =IF(INDIRECT("beschriftung.!"&ADDRESS(#REF!*12+ROW($A5)-1,COLUMN(D$1)))="","",INDIRECT("beschriftung.!"&ADDRESS(#REF!*12+ROW($A5)-1,COLUMN(D$1)))) -> #REF! | E4: =IF(INDIRECT("beschriftung.!"&ADDRESS(#REF!*12+ROW($A5)-1,COLUMN(E$1)))="","",INDIRECT("beschriftung.!"&ADDRESS(#REF!*12+ROW($A5)-1,COLUMN(E$1)))) -> #REF! | F4: =IF(INDIRECT("beschriftung.!"&ADDRESS(#REF!*12+ROW($A5)-1,COLUMN(F$1)))="","",INDIRECT("beschriftung.!"&ADDRESS(#REF!*12+ROW($A5)-1,COLUMN(F$1)))) -> #REF! | G4: =IF(INDIRECT("beschriftung.!"&ADDRESS(#REF!*12+ROW($A5)-1,COLUMN(G$1)))="","",INDIRECT("beschriftung.!"&ADDRESS(#REF!*12+ROW($A5)-1,COLUMN(G$1)))) -> #REF! | H4: =IF(INDIRECT("beschriftung.!"&ADDRESS(#REF!*12+ROW($A5)-1,COLUMN(H$1)))="","",INDIRECT("beschriftung.!"&ADDRESS(#REF!*12+ROW($A5)-1,COLUMN(H$1)))) -> #REF! | I4: =IF(INDIRECT("beschriftung.!"&ADDRESS(#REF!*12+ROW($A5)-1,COLUMN(I$1)))="","",INDIRECT("beschriftung.!"&ADDRESS(#REF!*12+ROW($A5)-1,COLUMN(I$1)))) -> #REF! | J4: =IF(INDIRECT("beschriftung.!"&ADDRESS(#REF!*12+ROW($A5)-1,COLUMN(J$1)))="","",INDIRECT("beschriftung.!"&ADDRESS(#REF!*12+ROW($A5)-1,COLUMN(J$1)))) -> #REF! | K4: =IF(INDIRECT("beschriftung.!"&ADDRESS(#REF!*12+ROW($A5)-1,COLUMN(K$1)))="","",INDIRECT("beschriftung.!"&ADDRESS(#REF!*12+ROW($A5)-1,COLUMN(K$1)))) -> #REF! | L4: =IF(INDIRECT("beschriftung.!"&ADDRESS(#REF!*12+ROW($A5)-1,COLUMN(L$1)))="","",INDIRECT("beschriftung.!"&ADDRESS(#REF!*12+ROW($A5)-1,COLUMN(L$1)))) -> #REF! | Q4: =IF(INDIRECT("beschriftung.!"&ADDRESS(#REF!*12+ROW($A5)-1,COLUMN(Q$1)))="","",INDIRECT("beschriftung.!"&ADDRESS(#REF!*12+ROW($A5)-1,COLUMN(Q$1)))) -> #REF! | R4: =IF(INDIRECT("beschriftung.!"&ADDRESS(#REF!*12+ROW($A5)-1,COLUMN(R$1)))="","",INDIRECT("beschriftung.!"&ADDRESS(#REF!*12+ROW($A5)-1,COLUMN(R$1)))) -> #REF! | U4: =IF(INDIRECT("beschriftung.!"&ADDRESS(#REF!*12+ROW($A5)-1,COLUMN(U$1)))="","",INDIRECT("beschriftung.!"&ADDRESS(#REF!*12+ROW($A5)-1,COLUMN(U$1)))) -> #REF! | V4: =IF(INDIRECT("beschriftung.!"&ADDRESS(#REF!*12+ROW($A5)-1,COLUMN(V$1)))="","",INDIRECT("beschriftung.!"&ADDRESS(#REF!*12+ROW($A5)-1,COLUMN(V$1)))) -> #REF! | W4: =IF(INDIRECT("beschriftung.!"&ADDRESS(#REF!*12+ROW($A5)-1,COLUMN(W$1)))="","",INDIRECT("beschriftung.!"&ADDRESS(#REF!*12+ROW($A5)-1,COLUMN(W$1)))) -> #REF! | X4: =IF(INDIRECT("beschriftung.!"&ADDRESS(#REF!*12+ROW($A5)-1,COLUMN(X$1)))="","",INDIRECT("beschriftung.!"&ADDRESS(#REF!*12+ROW($A5)-1,COLUMN(X$1)))) -> #REF! | AA4: =IF(INDIRECT("beschriftung.!"&ADDRESS(#REF!*12+ROW($A5)-1,COLUMN(AA$1)))="","",INDIRECT("beschriftung.!"&ADDRESS(#REF!*12+ROW($A5)-1,COLUMN(AA$1)))) -> #REF! | AB4: =IF(INDIRECT("beschriftung.!"&ADDRESS(#REF!*12+ROW($A5)-1,COLUMN(AB$1)))="","",INDIRECT("beschriftung.!"&ADDRESS(#REF!*12+ROW($A5)-1,COLUMN(AB$1)))) -> #REF! | AG4: =IF(INDIRECT("beschriftung.!"&ADDRESS(#REF!*12+ROW($A5)-1,COLUMN(AG$1)))="","",INDIRECT("beschriftung.!"&ADDRESS(#REF!*12+ROW($A5)-1,COLUMN(AG$1)))) -> #REF! | AH4: =IF(INDIRECT("beschriftung.!"&ADDRESS(#REF!*12+ROW($A5)-1,COLUMN(AH$1)))="","",INDIRECT("beschriftung.!"&ADDRESS(#REF!*12+ROW($A5)-1,COLUMN(AH$1)))) -> #REF! | AI4: =IF(INDIRECT("beschriftung.!"&ADDRESS(#REF!*12+ROW($A5)-1,COLUMN(AI$1)))="","",INDIRECT("beschriftung.!"&ADDRESS(#REF!*12+ROW($A5)-1,COLUMN(AI$1)))) -> #REF! | AJ4: =IF(INDIRECT("beschriftung.!"&ADDRESS(#REF!*12+ROW($A5)-1,COLUMN(AJ$1)))="","",INDIRECT("beschriftung.!"&ADDRESS(#REF!*12+ROW($A5)-1,COLUMN(AJ$1)))) -> #REF! | AM4: =IF(INDIRECT("beschriftung.!"&ADDRESS(#REF!*12+ROW($A5)-1,COLUMN(AM$1)))="","",INDIRECT("beschriftung.!"&ADDRESS(#REF!*12+ROW($A5)-1,COLUMN(AM$1)))) -> #REF! | AN4: =IF(INDIRECT("beschriftung.!"&ADDRESS(#REF!*12+ROW($A5)-1,COLUMN(AN$1)))="","",INDIRECT("beschriftung.!"&ADDRESS(#REF!*12+ROW($A5)-1,COLUMN(AN$1)))) -> #REF! | AO4: =IF(INDIRECT("beschriftung.!"&ADDRESS(#REF!*12+ROW($A5)-1,COLUMN(AO$1)))="","",INDIRECT("beschriftung.!"&ADDRESS(#REF!*12+ROW($A5)-1,COLUMN(AO$1)))) -> #REF! | AP4: =IF(INDIRECT("beschriftung.!"&ADDRESS(#REF!*12+ROW($A5)-1,COLUMN(AP$1)))="","",INDIRECT("beschriftung.!"&ADDRESS(#REF!*12+ROW($A5)-1,COLUMN(AP$1)))) -> #REF! | AQ4: =IF(INDIRECT("beschriftung.!"&ADDRESS(#REF!*12+ROW($A5)-1,COLUMN(AQ$1)))="","",INDIRECT("beschriftung.!"&ADDRESS(#REF!*12+ROW($A5)-1,COLUMN(AQ$1)))) -> #REF! | AR4: =IF(INDIRECT("beschriftung.!"&ADDRESS(#REF!*12+ROW($A5)-1,COLUMN(AR$1)))="","",INDIRECT("beschriftung.!"&ADDRESS(#REF!*12+ROW($A5)-1,COLUMN(AR$1)))) -> #REF! | AS4: =IF(INDIRECT("beschriftung.!"&ADDRESS(#REF!*12+ROW($A5)-1,COLUMN(AS$1)))="","",INDIRECT("beschriftung.!"&ADDRESS(#REF!*12+ROW($A5)-1,COLUMN(AS$1)))) -> #REF! | AT4: =IF(INDIRECT("beschriftung.!"&ADDRESS(#REF!*12+ROW($A5)-1,COLUMN(AT$1)))="","",INDIRECT("beschriftung.!"&ADDRESS(#REF!*12+ROW($A5)-1,COLUMN(AT$1)))) -> #REF! | ... AV4: =IF(INDIRECT("beschriftung.!"&ADDRESS(#REF!*12+ROW($A5)-1,COLUMN(AV$1)))="","",INDIRECT("beschriftung.!"&ADDRESS(#REF!*12+ROW($A5)-1,COLUMN(AV$1)))) -> #REF! | AY4: =IF(INDIRECT("beschriftung.!"&ADDRESS(#REF!*12+ROW($A5)-1,COLUMN(AY$1)))="","",INDIRECT("beschriftung.!"&ADDRESS(#REF!*12+ROW($A5)-1,COLUMN(AY$1)))) -> #REF! | AZ4: =IF(INDIRECT("beschriftung.!"&ADDRESS(#REF!*12+ROW($A5)-1,COLUMN(AZ$1)))="","",INDIRECT("beschriftung.!"&ADDRESS(#REF!*12+ROW($A5)-1,COLUMN(AZ$1)))) -> #REF! | BA4: =IF(INDIRECT("beschriftung.!"&ADDRESS(#REF!*12+ROW($A5)-1,COLUMN(BA$1)))="","",INDIRECT("beschriftung.!"&ADDRESS(#REF!*12+ROW($A5)-1,COLUMN(BA$1)))) -> #REF! | BB4: =IF(INDIRECT("beschriftung.!"&ADDRESS(#REF!*12+ROW($A5)-1,COLUMN(BB$1)))="","",INDIRECT("beschriftung.!"&ADDRESS(#REF!*12+ROW($A5)-1,COLUMN(BB$1)))) -> #REF! | BC4: =IF(INDIRECT("beschriftung.!"&ADDRESS(#REF!*12+ROW($A5)-1,COLUMN(BC$1)))="","",INDIRECT("beschriftung.!"&ADDRESS(#REF!*12+ROW($A5)-1,COLUMN(BC$1)))) -> #REF! | BD4: =IF(INDIRECT("beschriftung.!"&ADDRESS(#REF!*12+ROW($A5)-1,COLUMN(BD$1)))="","",INDIRECT("beschriftung.!"&ADDRESS(#REF!*12+ROW($A5)-1,COLUMN(BD$1)))) -> #REF! | BE4: =IF(INDIRECT("beschriftung.!"&ADDRESS(#REF!*12+ROW($A5)-1,COLUMN(BE$1)))="","",INDIRECT("beschriftung.!"&ADDRESS(#REF!*12+ROW($A5)-1,COLUMN(BE$1)))) -> #REF! | BF4: =IF(INDIRECT("beschriftung.!"&ADDRESS(#REF!*12+ROW($A5)-1,COLUMN(BF$1)))="","",INDIRECT("beschriftung.!"&ADDRESS(#REF!*12+ROW($A5)-1,COLUMN(BF$1)))) -> #REF!
E5: =INDIRECT("beschriftung!"&ADDRESS(beschriftung!$C$1*12+ROW(beschriftung!$A6)-1,COLUMN(beschriftung!D$1))) -> Gross value added before adjustments | F5: =IF(INDIRECT("beschriftung.!"&ADDRESS(#REF!*12+ROW($A6)-1,COLUMN(F$1)))="","",INDIRECT("beschriftung.!"&ADDRESS(#REF!*12+ROW($A6)-1,COLUMN(F$1)))) -> #REF! | G5: =IF(INDIRECT("beschriftung.!"&ADDRESS(#REF!*12+ROW($A6)-1,COLUMN(G$1)))="","",INDIRECT("beschriftung.!"&ADDRESS(#REF!*12+ROW($A6)-1,COLUMN(G$1)))) -> #REF! | H5: =IF(INDIRECT("beschriftung.!"&ADDRESS(#REF!*12+ROW($A6)-1,COLUMN(H$1)))="","",INDIRECT("beschriftung.!"&ADDRESS(#REF!*12+ROW($A6)-1,COLUMN(H$1)))) -> #REF! | I5: =IF(INDIRECT("beschriftung.!"&ADDRESS(#REF!*12+ROW($A6)-1,COLUMN(I$1)))="","",INDIRECT("beschriftung.!"&ADDRESS(#REF!*12+ROW($A6)-1,COLUMN(I$1)))) -> #REF! | J5: =IF(INDIRECT("beschriftung.!"&ADDRESS(#REF!*12+ROW($A6)-1,COLUMN(J$1)))="","",INDIRECT("beschriftung.!"&ADDRESS(#REF!*12+ROW($A6)-1,COLUMN(J$1)))) -> #REF! | K5: =IF(INDIRECT("beschriftung.!"&ADDRESS(#REF!*12+ROW($A6)-1,COLUMN(K$1)))="","",INDIRECT("beschriftung.!"&ADDRESS(#REF!*12+ROW($A6)-1,COLUMN(K$1)))) -> #REF! | L5: =IF(INDIRECT("beschriftung.!"&ADDRESS(#REF!*12+ROW($A6)-1,COLUMN(L$1)))="","",INDIRECT("beschriftung.!"&ADDRESS(#REF!*12+ROW($A6)-1,COLUMN(L$1)))) -> #REF! | Q5: =IF(INDIRECT("beschriftung.!"&ADDRESS(#REF!*12+ROW($A6)-1,COLUMN(Q$1)))="","",INDIRECT("beschriftung.!"&ADDRESS(#REF!*12+ROW($A6)-1,COLUMN(Q$1)))) -> #REF! | R5: =IF(INDIRECT("beschriftung.!"&ADDRESS(#REF!*12+ROW($A6)-1,COLUMN(R$1)))="","",INDIRECT("beschriftung.!"&ADDRESS(#REF!*12+ROW($A6)-1,COLUMN(R$1)))) -> #REF! | U5: =IF(INDIRECT("beschriftung.!"&ADDRESS(#REF!*12+ROW($A6)-1,COLUMN(U$1)))="","",INDIRECT("beschriftung.!"&ADDRESS(#REF!*12+ROW($A6)-1,COLUMN(U$1)))) -> #REF! | V5: =IF(INDIRECT("beschriftung.!"&ADDRESS(#REF!*12+ROW($A6)-1,COLUMN(V$1)))="","",INDIRECT("beschriftung.!"&ADDRESS(#REF!*12+ROW($A6)-1,COLUMN(V$1)))) -> #REF! | W5: =IF(INDIRECT("beschriftung.!"&ADDRESS(#REF!*12+ROW($A6)-1,COLUMN(W$1)))="","",INDIRECT("beschriftung.!"&ADDRESS(#REF!*12+ROW($A6)-1,COLUMN(W$1)))) -> #REF! | X5: =IF(INDIRECT("beschriftung.!"&ADDRESS(#REF!*12+ROW($A6)-1,COLUMN(X$1)))="","",INDIRECT("beschriftung.!"&ADDRESS(#REF!*12+ROW($A6)-1,COLUMN(X$1)))) -> #REF! | AA5: =IF(INDIRECT("beschriftung.!"&ADDRESS(#REF!*12+ROW($A6)-1,COLUMN(AA$1)))="","",INDIRECT("beschriftung.!"&ADDRESS(#REF!*12+ROW($A6)-1,COLUMN(AA$1)))) -> #REF! | AB5: =IF(INDIRECT("beschriftung.!"&ADDRESS(#REF!*12+ROW($A6)-1,COLUMN(AB$1)))="","",INDIRECT("beschriftung.!"&ADDRESS(#REF!*12+ROW($A6)-1,COLUMN(AB$1)))) -> #REF! | AG5: =IF(INDIRECT("beschriftung.!"&ADDRESS(#REF!*12+ROW($A6)-1,COLUMN(AG$1)))="","",INDIRECT("beschriftung.!"&ADDRESS(#REF!*12+ROW($A6)-1,COLUMN(AG$1)))) -> #REF! | AH5: =IF(INDIRECT("beschriftung.!"&ADDRESS(#REF!*12+ROW($A6)-1,COLUMN(AH$1)))="","",INDIRECT("beschriftung.!"&ADDRESS(#REF!*12+ROW($A6)-1,COLUMN(AH$1)))) -> #REF! | AI5: =IF(INDIRECT("beschriftung.!"&ADDRESS(#REF!*12+ROW($A6)-1,COLUMN(AI$1)))="","",INDIRECT("beschriftung.!"&ADDRESS(#REF!*12+ROW($A6)-1,COLUMN(AI$1)))) -> #REF! | AJ5: =IF(INDIRECT("beschriftung.!"&ADDRESS(#REF!*12+ROW($A6)-1,COLUMN(AJ$1)))="","",INDIRECT("beschriftung.!"&ADDRESS(#REF!*12+ROW($A6)-1,COLUMN(AJ$1)))) -> #REF! | AM5: =IF(INDIRECT("beschriftung.!"&ADDRESS(#REF!*12+ROW($A6)-1,COLUMN(AM$1)))="","",INDIRECT("beschriftung.!"&ADDRESS(#REF!*12+ROW($A6)-1,COLUMN(AM$1)))) -> #REF! | AN5: =IF(INDIRECT("beschriftung.!"&ADDRESS(#REF!*12+ROW($A6)-1,COLUMN(AN$1)))="","",INDIRECT("beschriftung.!"&ADDRESS(#REF!*12+ROW($A6)-1,COLUMN(AN$1)))) -> #REF! | AO5: =IF(INDIRECT("beschriftung.!"&ADDRESS(#REF!*12+ROW($A6)-1,COLUMN(AO$1)))="","",INDIRECT("beschriftung.!"&ADDRESS(#REF!*12+ROW($A6)-1,COLUMN(AO$1)))) -> #REF! | AP5: =IF(INDIRECT("beschriftung.!"&ADDRESS(#REF!*12+ROW($A6)-1,COLUMN(AP$1)))="","",INDIRECT("beschriftung.!"&ADDRESS(#REF!*12+ROW($A6)-1,COLUMN(AP$1)))) -> #REF! | AQ5: =IF(INDIRECT("beschriftung.!"&ADDRESS(#REF!*12+ROW($A6)-1,COLUMN(AQ$1)))="","",INDIRECT("beschriftung.!"&ADDRESS(#REF!*12+ROW($A6)-1,COLUMN(AQ$1)))) -> #REF! | AR5: =IF(INDIRECT("beschriftung.!"&ADDRESS(#REF!*12+ROW($A6)-1,COLUMN(AR$1)))="","",INDIRECT("beschriftung.!"&ADDRESS(#REF!*12+ROW($A6)-1,COLUMN(AR$1)))) -> #REF! | AS5: =IF(INDIRECT("beschriftung.!"&ADDRESS(#REF!*12+ROW($A6)-1,COLUMN(AS$1)))="","",INDIRECT("beschriftung.!"&ADDRESS(#REF!*12+ROW($A6)-1,COLUMN(AS$1)))) -> #REF! | AT5: =IF(INDIRECT("beschriftung.!"&ADDRESS(#REF!*12+ROW($A6)-1,COLUMN(AT$1)))="","",INDIRECT("beschriftung.!"&ADDRESS(#REF!*12+ROW($A6)-1,COLUMN(AT$1)))) -> #REF! | ... AV5: =IF(INDIRECT("beschriftung.!"&ADDRESS(#REF!*12+ROW($A6)-1,COLUMN(AV$1)))="","",INDIRECT("beschriftung.!"&ADDRESS(#REF!*12+ROW($A6)-1,COLUMN(AV$1)))) -> #REF! | AY5: =IF(INDIRECT("beschriftung.!"&ADDRESS(#REF!*12+ROW($A6)-1,COLUMN(AY$1)))="","",INDIRECT("beschriftung.!"&ADDRESS(#REF!*12+ROW($A6)-1,COLUMN(AY$1)))) -> #REF! | AZ5: =IF(INDIRECT("beschriftung.!"&ADDRESS(#REF!*12+ROW($A6)-1,COLUMN(AZ$1)))="","",INDIRECT("beschriftung.!"&ADDRESS(#REF!*12+ROW($A6)-1,COLUMN(AZ$1)))) -> #REF! | BA5: =INDIRECT("beschriftung!"&ADDRESS(beschriftung!$C$1*12+ROW(beschriftung!$A6)-1,COLUMN(beschriftung!AS$1))) -> Adjustments | BB5: =IF(INDIRECT("beschriftung.!"&ADDRESS(#REF!*12+ROW($A6)-1,COLUMN(BB$1)))="","",INDIRECT("beschriftung.!"&ADDRESS(#REF!*12+ROW($A6)-1,COLUMN(BB$1)))) -> #REF! | BC5: =IF(INDIRECT("beschriftung.!"&ADDRESS(#REF!*12+ROW($A6)-1,COLUMN(BC$1)))="","",INDIRECT("beschriftung.!"&ADDRESS(#REF!*12+ROW($A6)-1,COLUMN(BC$1)))) -> #REF! | BD5: =IF(INDIRECT("beschriftung.!"&ADDRESS(#REF!*12+ROW($A6)-1,COLUMN(BD$1)))="","",INDIRECT("beschriftung.!"&ADDRESS(#REF!*12+ROW($A6)-1,COLUMN(BD$1)))) -> #REF! | BE5: =IF(INDIRECT("beschriftung.!"&ADDRESS(#REF!*12+ROW($A6)-1,COLUMN(BE$1)))="","",INDIRECT("beschriftung.!"&ADDRESS(#REF!*12+ROW($A6)-1,COLUMN(BE$1)))) -> #REF! | BF5: =IF(INDIRECT("beschriftung.!"&ADDRESS(#REF!*12+ROW($A6)-1,COLUMN(BF$1)))="","",INDIRECT("beschriftung.!"&ADDRESS(#REF!*12+ROW($A6)-1,COLUMN(BF$1)))) -> #REF!
G6: =INDIRECT("beschriftung!"&ADDRESS(beschriftung!$C$1*12+ROW(beschriftung!$A7)-1,COLUMN(beschriftung!E$1))) -> Agriculture, forestry and fishing | I6: =INDIRECT("beschriftung!"&ADDRESS(beschriftung!$C$1*12+ROW(beschriftung!$A7)-1,COLUMN(beschriftung!G$1))) -> Mining and quarrying | K6: =INDIRECT("beschriftung!"&ADDRESS(beschriftung!$C$1*12+ROW(beschriftung!$A7)-1,COLUMN(beschriftung!I$1))) -> Manufacturing | Q6: =INDIRECT("beschriftung!"&ADDRESS(beschriftung!$C$1*12+ROW(beschriftung!$A7)-1,COLUMN(beschriftung!M$1))) -> Electricity, gas, steam and air conditioning supply | S6: =INDIRECT("beschriftung!"&ADDRESS(beschriftung!$C$1*12+ROW(beschriftung!$A7)-1,COLUMN(beschriftung!O$1))) -> Water supply, sewerage, waste management and remediation activities | U6: =INDIRECT("beschriftung!"&ADDRESS(beschriftung!$C$1*12+ROW(beschriftung!$A7)-1,COLUMN(beschriftung!Q$1))) -> Construction | W6: =INDIRECT("beschriftung!"&ADDRESS(beschriftung!$C$1*12+ROW(beschriftung!$A7)-1,COLUMN(beschriftung!S$1))) -> Trade, repair of motor vehicles and motorcycles | AA6: =INDIRECT("beschriftung!"&ADDRESS(beschriftung!$C$1*12+ROW(beschriftung!$A7)-1,COLUMN(beschriftung!W$1))) -> Transportation and storage | AC6: =INDIRECT("beschriftung!"&ADDRESS(beschriftung!$C$1*12+ROW(beschriftung!$A7)-1,COLUMN(beschriftung!Y$1))) -> Accommodation and food service activities | AE6: =INDIRECT("beschriftung!"&ADDRESS(beschriftung!$C$1*12+ROW(beschriftung!$A7)-1,COLUMN(beschriftung!X$1))) -> Information and communication | AG6: =INDIRECT("beschriftung!"&ADDRESS(beschriftung!$C$1*12+ROW(beschriftung!$A7)-1,COLUMN(beschriftung!AA$1))) -> Financial and insurance activities | AM6: =INDIRECT("beschriftung!"&ADDRESS(beschriftung!$C$1*12+ROW(beschriftung!$A7)-1,COLUMN(beschriftung!AE$1))) -> Real estate, professional, scientific, technical activities and administrative services | AO6: =INDIRECT("beschriftung!"&ADDRESS(beschriftung!$C$1*12+ROW(beschriftung!$A7)-1,COLUMN(beschriftung!AG$1))) -> Public administration | AQ6: =INDIRECT("beschriftung!"&ADDRESS(beschriftung!$C$1*12+ROW(beschriftung!$A7)-1,COLUMN(beschriftung!AI$1))) -> Education | AS6: =INDIRECT("beschriftung!"&ADDRESS(beschriftung!$C$1*12+ROW(beschriftung!$A7)-1,COLUMN(beschriftung!AK$1))) -> Human health and social work activities | AU6: =INDIRECT("beschriftung!"&ADDRESS(beschriftung!$C$1*12+ROW(beschriftung!$A7)-1,COLUMN(beschriftung!AM$1))) -> Arts, entertainment and recreation | AW6: =INDIRECT("beschriftung!"&ADDRESS(beschriftung!$C$1*12+ROW(beschriftung!$A7)-1,COLUMN(beschriftung!AO$1))) -> Other service activities | AY6: =INDIRECT("beschriftung!"&ADDRESS(beschriftung!$C$1*12+ROW(beschriftung!$A7)-1,COLUMN(beschriftung!AQ$1))) -> Activities of housholds as employers and producers for own use | BC6: =INDIRECT("beschriftung!"&ADDRESS(beschriftung!$C$1*12+ROW(beschriftung!$A7)-1,COLUMN(beschriftung!AU$1))) -> Taxes on products | BE6: =INDIRECT("beschriftung!"&ADDRESS(beschriftung!$C$1*12+ROW(beschriftung!$A7)-1,COLUMN(beschriftung!AW$1))) -> Subsidies on products
M8: =INDIRECT("beschriftung!"&ADDRESS(beschriftung!$C$1*12+ROW(beschriftung!$A7),COLUMN(beschriftung!J$1))) -> thereof chemicals and pharmaceuticals | O8: =INDIRECT("beschriftung!"&ADDRESS(beschriftung!$C$1*12+ROW(beschriftung!$A7),COLUMN(beschriftung!K$1))) -> thereof other manufacturing | Y8: =INDIRECT("beschriftung!"&ADDRESS(beschriftung!$C$1*12+ROW(beschriftung!$A7),COLUMN(beschriftung!U$1))) -> thereof retail trade | AI8: =INDIRECT("beschriftung!"&ADDRESS(beschriftung!$C$1*12+ROW(beschriftung!$A7),COLUMN(beschriftung!AB$1))) -> thereof financial activities | AK8: =INDIRECT("beschriftung!"&ADDRESS(beschriftung!$C$1*12+ROW(beschriftung!$A7),COLUMN(beschriftung!AC$1))) -> thereof insurance activities
C11: B1GQ | E11: B1G | G11: NOGA 01-03 | I11: NOGA 05-09 | K11: NOGA 10-33 | M11: NOGA 19-21 | O11: NOGA 10-18; 22-33 | Q11: NOGA 35 | S11: NOGA 36-39 | U11: NOGA 41-43 | W11: NOGA 45-47 | Y11: NOGA 47 | AA11: NOGA 49-53 | AC11: NOGA 55-56 | AE11: NOGA 58-63 | AG11: NOGA 64-66 | AI11: NOGA 64 | AK11: NOGA 65 | AM11: NOGA 68-75; 77-82 | AO11: NOGA 84 | AQ11: NOGA 85 | AS11: NOGA 86-88 | AU11: NOGA 90-93 | AW11: NOGA 94-96 | AY11: NOGA 97-98 | BC11: D21 | BE11: D31
A12: 1980 | C12: 208464.8
A13: 1981 | C13: 223793.42 | D13: 0.073530966
A14: 1982 | C14: 237092.14 | D14: 0.05942407
A15: 1983 | C15: 244254.91 | D15: 0.030210899
A16: 1984 | C16: 261062.58 | D16: 0.068812014
A17: 1985 | C17: 276798.76 | D17: 0.06027744
A18: 1986 | C18: 290499.27 | D18: 0.049496287
A19: 1987 | C19: 301578.15 | D19: 0.038137378
A20: 1988 | C20: 320153.22 | D20: 0.061592874
A21: 1989 | C21: 345570.29 | D21: 0.079390333
A22: 1990 | C22: 374762.04 | D22: 0.084474128 | E22: 364873.53 | G22: 7777.937 | I22: 546.36102 | K22: 73883.47 | M22: 11814.746 | O22: 62068.724 | Q22: 6306.5216 | S22: 2938.7481 | U22: 28855.616 | W22: 61260.701 | Y22: 20973.811 | AA22: 14972.155 | AC22: 8099.8827 | AE22: 16598.804 | AG22: 27626.482 | AI22: 11231.12 | AK22: 15567.64 | AM22: 51845.527 | AO22: 23693.132 | AQ22: 16087.316 | AS22: 15788.27 | AU22: 1250.4095 | AW22: 6119.089 | AY22: 1223.1091 | BA22: 9888.5058 | BC22: 17912.119 | BE22: -8023.6135
A23: 1991 | C23: 391415.53 | D23: 0.044437508 | E23: 382423.14 | F23: 0.048097794 | G23: 7642.6333 | H23: -0.017395825 | I23: 581.0814 | J23: 0.063548422 | K23: 76853.015 | L23: 0.040192278 | M23: 12657.95 | N23: 0.071368801 | O23: 64195.065 | P23: 0.034257845 | Q23: 7341.4815 | R23: 0.16410947 | S23: 2903.7746 | T23: -0.011900823 | U23: 29134.046 | V23: 0.0096490767 | W23: 58960.191 | X23: -0.037552796 | Y23: 20633.032 | Z23: -0.016247835 | AA23: 17761.99 | AB23: 0.18633492 | AC23: 8820.9675 | AD23: 0.089024111 | AE23: 18057.816 | AF23: 0.087898639 | AG23: 29480.749 | AH23: 0.067119181 | AI23: 12692.707 | AJ23: 0.13013722 | AK23: 15839.684 | AL23: 0.017474942 | AM23: 56166.116 | AN23: 0.083335814 | AO23: 25850.388 | AP23: 0.091049858 | AQ23: 16758.847 | AR23: 0.041742832 | AS23: 17124.621 | AT23: 0.084642021 | AU23: 1550.3595 | AV23: 0.23988137 | AW23: 6110.0287 | AX23: -0.0014806494 | AY23: 1325.0379 | AZ23: 0.083335814 | BA23: 8992.3847 | BB23: -0.0906225 | BC23: 18141.094 | BD23: 0.0127832 | BE23: -9148.7089 | BF23: 0.14022302
A24: 1992 | C24: 399556.86 | D24: 0.020799728 | E24: 391035.13 | F24: 0.022519513 | G24: 7135.1507 | H24: -0.066401539 | I24: 508.22998 | J24: -0.12537214 | K24: 77218.761 | L24: 0.0047590384 | M24: 13496.2 | N24: 0.06622316 | O24: 63722.562 | P24: -0.007360426 | Q24: 8314.1389 | R24: 0.13248789 | S24: 2869.7153 | T24: -0.011729308 | U24: 27504.227 | V24: -0.055942059 | W24: 60493.511 | X24: 0.026006029 | Y24: 20974.521 | Z24: 0.016550589 | AA24: 17845.348 | AB24: 0.0046930502 | AC24: 9016.2199 | AD24: 0.022135028 | AE24: 18179.077 | AF24: 0.0067151361 | AG24: 31093.866 | AH24: 0.054717644 | AI24: 13860.765 | AJ24: 0.092025871 | AK24: 16228.218 | AL24: 0.024529163 | AM24: 59152.958 | AN24: 0.053178708 | AO24: 27370.915 | AP24: 0.058820269 | AQ24: 17408.764 | AR24: 0.038780582 | AS24: 18045.937 | AT24: 0.05380063 | AU24: 1456.7965 | AV24: -0.060349216 | AW24: 6026.009 | AX24: -0.013751118 | AY24: 1395.5017 | AZ24: 0.053178708 | BA24: 8521.7383 | BB24: -0.052338329 | BC24: 18005.095 | BD24: -0.0074967162 | BE24: -9483.3566 | BF24: 0.036578687
A25: 1993 | C25: 408319.61 | D25: 0.021931151 | E25: 399010.93 | F25: 0.020396646 | G25: 6663.6902 | H25: -0.066075765 | I25: 507.31136 | J25: -0.0018075035 | K25: 78006.221 | L25: 0.010197779 | M25: 14362.284 | N25: 0.064172452 | O25: 63643.937 | P25: -0.0012338539 | Q25: 9255.3259 | R25: 0.11320318 | S25: 2835.1305 | T25: -0.012051639 | U25: 26399.102 | V25: -0.040180204 | W25: 59539.074 | X25: -0.015777513 | Y25: 20849.245 | Z25: -0.0059727498 | AA25: 16612.979 | AB25: -0.06905827 | AC25: 9104.9257 | AD25: 0.009838477 | AE25: 17716.695 | AF25: -0.025434807 | AG25: 37768.449 | AH25: 0.21465917 | AI25: 19710.952 | AJ25: 0.42206814 | AK25: 16789.874 | AL25: 0.034609886 | AM25: 61196.984 | AN25: 0.034554937 | AO25: 27946.684 | AP25: 0.021035795 | AQ25: 18233.761 | AR25: 0.047389726 | AS25: 18435.665 | AT25: 0.021596433 | AU25: 1403.1743 | AV25: -0.036808313 | AW25: 5942.0355 | AX25: -0.013935188 | AY25: 1443.7232 | AZ25: 0.034554937 | BA25: 9308.6751 | BB25: 0.092344631 | BC25: 18744.279 | BD25: 0.041054154 | BE25: -9435.6038 | BF25: -0.005035437
A26: 1994 | C26: 418401.77 | D26: 0.024691836 | E26: 408627.96 | F26: 0.024102161 | G26: 6291.244 | H26: -0.055891881 | I26: 489.37827 | J26: -0.03534927 | K26: 81738.5 | L26: 0.047845909 | M26: 15330.476 | N26: 0.06741214 | O26: 66408.024 | P26: 0.043430473 | Q26: 11139.374 | R26: 0.2035637 | S26: 2768.6342 | T26: -0.023454412 | U26: 27724.222 | V26: 0.050195654 | W26: 60875.345 | X26: 0.022443597 | Y26: 20952.731 | Z26: 0.004963536 | AA26: 16148.011 | AB26: -0.027988244 | AC26: 8985.3694 | AD26: -0.013130948 | AE26: 17652.642 | AF26: -0.0036154432 | AG26: 35877.355 | AH26: -0.050070737 | AI26: 19499.087 | AJ26: -0.010748604 | AK26: 15006.919 | AL26: -0.10619231 | AM26: 64744.887 | AN26: 0.05797512 | AO26: 28741.213 | AP26: 0.028430204 | AQ26: 16772.359 | AR26: -0.080148158 | AS26: 19746.546 | AT26: 0.071105728 | AU26: 1521.4961 | AV26: 0.084324394 | AW26: 5883.9573 | AX26: -0.0097741135 | AY26: 1527.4232 | AZ26: 0.05797512 | BA26: 9773.8105 | BB26: 0.049967945 | BC26: 19071.422 | BD26: 0.01745295 | BE26: -9297.6114 | BF26: -0.01462465
A27: 1995 | C27: 423515.36 | D27: 0.012221718 | E27: 411098.38 | F27: 0.0060456659 | G27: 5851.3624 | H27: -0.069919655 | I27: 577.53688 | J27: 0.1801441 | K27: 80283.318 | L27: -0.017802897 | M27: 15109.207 | N27: -0.014433272 | O27: 65174.11 | P27: -0.018580784 | Q27: 12160.369 | R27: 0.091656337 | S27: 2726.1675 | T27: -0.015338524 | U27: 26429.224 | V27: -0.04670998 | W27: 61656.246 | X27: 0.012827873 | Y27: 20839.925 | Z27: -0.0053838194 | AA27: 16697.081 | AB27: 0.034002303 | AC27: 9040.8881 | AD27: 0.0061787836 | AE27: 18320.473 | AF27: 0.037831818 | AG27: 35641.531 | AH27: -0.0065730719 | AI27: 18466.668 | AJ27: -0.052947021 | AK27: 15857.338 | AL27: 0.056668488 | AM27: 65415.333 | AN27: 0.010355205 | AO27: 28870.007 | AP27: 0.0044811497 | AQ27: 17457.762 | AR27: 0.040865062 | AS27: 20779.803 | AT27: 0.052325963 | AU27: 1806.009 | AV27: 0.18699547 | AW27: 5842.0339 | AX27: -0.0071250342 | AY27: 1543.24 | AZ27: 0.010355205 | BA27: 12416.971 | BB27: 0.27043294 | BC27: 21859.036 | BD27: 0.14616707 | BE27: -9442.0649 | BF27: 0.015536624
A28: 1996 | C28: 426881.83 | D28: 0.0079488794 | E28: 414685.87 | F28: 0.0087265939 | G28: 5163.7402 | H28: -0.11751489 | I28: 519.83985 | J28: -0.09990189 | K28: 80033.048 | L28: -0.0031173342 | M28: 15142.788 | N28: 0.0022225143 | O28: 64890.26 | P28: -0.0043552626 | Q28: 11458.004 | R28: -0.057758462 | S28: 2562.369 | T28: -0.06008377 | U28: 24202.838 | V28: -0.08423957 | W28: 61018.502 | X28: -0.010343547 | Y28: 20537.262 | Z28: -0.014523231 | AA28: 17188.228 | AB28: 0.029415178 | AC28: 9252.6323 | AD28: 0.023420731 | AE28: 18548.782 | AF28: 0.012461972 | AG28: 40201.85 | AH28: 0.12794959 | AI28: 23151.145 | AJ28: 0.25367201 | AK28: 15401.364 | AL28: -0.02875478 | AM28: 66975.95 | AN28: 0.023857045 | AO28: 28785.679 | AP28: -0.0029209574 | AQ28: 17746.705 | AR28: 0.016551 | AS28: 21531.608 | AT28: 0.036179601 | AU28: 2250.2039 | AV28: 0.24595387 | AW28: 5735.2164 | AX28: -0.018284299 | AY28: 1510.6767 | AZ28: -0.021100589 | BA28: 12195.955 | BB28: -0.017799522 | BC28: 21899.138 | BD28: 0.0018345872 | BE28: -9703.1833 | BF28: 0.027654804
A29: 1997 | C29: 433747.49 | D29: 0.01608329 | E29: 420644.92 | F29: 0.014370029 | G29: 5393.8537 | H29: 0.044563343 | I29: 599.37428 | J29: 0.15299794 | K29: 81550.105 | L29: 0.018955381 | M29: 15327.169 | N29: 0.012176178 | O29: 66222.936 | P29: 0.020537375 | Q29: 11332.476 | R29: -0.010955485 | S29: 2544.1162 | T29: -0.0071234294 | U29: 21722.319 | V29: -0.10248875 | W29: 61607.1 | X29: 0.0096462197 | Y29: 20765.64 | Z29: 0.011120164 | AA29: 16615.69 | AB29: -0.033309924 | AC29: 11052.477 | AD29: 0.19452249 | AE29: 17966.918 | AF29: -0.031369421 | AG29: 47405.703 | AH29: 0.17919208 | AI29: 28633.792 | AJ29: 0.23681969 | AK29: 16285.513 | AL29: 0.057407206 | AM29: 65908.053 | AN29: -0.015944483 | AO29: 28460.074 | AP29: -0.011311339 | AQ29: 17760.822 | AR29: 0.00079547087 | AS29: 21841.561 | AT29: 0.014395272 | AU29: 1784.9757 | AV29: -0.20674933 | AW29: 5598.0052 | AX29: -0.023924337 | AY29: 1501.297 | AZ29: -0.0062089535 | BA29: 13102.571 | BB29: 0.074337443 | BC29: 22684.25 | BD29: 0.035851279 | BE29: -9581.6793 | BF29: -0.012522075
A30: 1998 | C30: 444954.84 | D30: 0.025838422 | E30: 430677.15 | F30: 0.023849644 | G30: 5203.1056 | H30: -0.035363965 | I30: 621.28694 | J30: 0.036559234 | K30: 82501.653 | L30: 0.011668264 | M30: 16050.958 | N30: 0.047222626 | O30: 66450.695 | P30: 0.003439276 | Q30: 10987.735 | R30: -0.030420671 | S30: 2508.4989 | T30: -0.013999887 | U30: 21807.534 | V30: 0.0039229087 | W30: 62436.881 | X30: 0.013468914 | Y30: 21090.694 | Z30: 0.015653431 | AA30: 17489.548 | AB30: 0.052592354 | AC30: 11473.484 | AD30: 0.038091619 | AE30: 19392.241 | AF30: 0.079330438 | AG30: 50100.258 | AH30: 0.056840314 | AI30: 29786.405 | AJ30: 0.040253596 | AK30: 17011.387 | AL30: 0.044571759 | AM30: 67093.076 | AN30: 0.017979934 | AO30: 28511.145 | AP30: 0.0017944568 | AQ30: 17747.973 | AR30: -0.00072346971 | AS30: 23184.196 | AT30: 0.061471564 | AU30: 2516.2239 | AV30: 0.40966843 | AW30: 5572.6014 | AX30: -0.0045380078 | AY30: 1529.7133 | AZ30: 0.018927858 | BA30: 14277.69 | BB30: 0.089686135 | BC30: 24866.84 | BD30: 0.096216107 | BE30: -10589.151 | BF30: 0.10514559
A31: 1999 | C31: 453531.11 | D31: 0.01927446 | E31: 435526.14 | F31: 0.011258975 | G31: 4937.3199 | H31: -0.051082137 | I31: 588.39822 | J31: -0.052936449 | K31: 82868.294 | L31: 0.0044440431 | M31: 15991.925 | N31: -0.0036778529 | O31: 66876.369 | P31: 0.0064058618 | Q31: 11241.329 | R31: 0.023079774 | S31: 2552.3131 | T31: 0.017466324 | U31: 21601.68 | V31: -0.0094395883 | W31: 64878.755 | X31: 0.039109489 | Y31: 21367.748 | Z31: 0.013136346 | AA31: 15622.411 | AB31: -0.10675731 | AC31: 11567.334 | AD31: 0.0081797589 | AE31: 20080.653 | AF31: 0.03549933 | AG31: 51245.162 | AH31: 0.022852252 | AI31: 30968.689 | AJ31: 0.039692061 | AK31: 16775.496 | AL31: -0.013866658 | AM31: 68819.905 | AN31: 0.025737819 | AO31: 28713.805 | AP31: 0.0071081081 | AQ31: 17996.026 | AR31: 0.013976418 | AS31: 23802.053 | AT31: 0.026649904 | AU31: 2020.7012 | AV31: -0.19693108 | AW31: 5417.9251 | AX31: -0.027756563 | AY31: 1572.0719 | AZ31: 0.027690555 | BA31: 18004.971 | BB31: 0.26105633 | BC31: 26955.595 | BD31: 0.083997597 | BE31: -8950.6243 | BF31: -0.15473634
A32: 2000 | C32: 476794.43 | D32: 0.05129378 | E32: 456046.57 | F32: 0.047116433 | G32: 5031.7185 | H32: 0.019119399 | I32: 575.37651 | J32: -0.022130778 | K32: 84591.112 | L32: 0.020789838 | M32: 16708.551 | N32: 0.044811742 | O32: 67882.561 | P32: 0.01504556 | Q32: 11249.877 | R32: 0.00076041748 | S32: 2468.0534 | T32: -0.033013082 | U32: 22336.859 | V32: 0.034033413 | W32: 68473.282 | X32: 0.055403766 | Y32: 21908.852 | Z32: 0.025323399 | AA32: 16469.081 | AB32: 0.054195832 | AC32: 11898.511 | AD32: 0.028630288 | AE32: 21197.386 | AF32: 0.055612404 | AG32: 58089.243 | AH32: 0.13355566 | AI32: 35472.602 | AJ32: 0.14543441 | AK32: 18380.052 | AL32: 0.095648809 | AM32: 70214.946 | AN32: 0.020270892 | AO32: 29738.29 | AP32: 0.035679186 | AQ32: 18710.558 | AR32: 0.039704957 | AS32: 25038.506 | AT32: 0.051947325 | AU32: 2841.2191 | AV32: 0.40605603 | AW32: 5510.9031 | AX32: 0.017161181 | AY32: 1611.6533 | AZ32: 0.025177825 | BA32: 20747.857 | BB32: 0.15234052 | BC32: 29530.35 | BD32: 0.095518388 | BE32: -8782.4927 | BF32: -0.018784342
A33: 2001 | C33: 489674.26 | D33: 0.027013369 | E33: 469830.31 | F33: 0.030224407 | G33: 4499.2172 | H33: -0.1058289 | I33: 595.69216 | J33: 0.035308444 | K33: 90417.852 | L33: 0.068881229 | M33: 19103.454 | N33: 0.14333396 | O33: 71314.398 | P33: 0.050555503 | Q33: 11666.811 | R33: 0.037061216 | S33: 2548.3127 | T33: 0.032519265 | U33: 23031.171 | V33: 0.031083708 | W33: 70663.115 | X33: 0.031980835 | Y33: 22925.884 | Z33: 0.046421034 | AA33: 17113.872 | AB33: 0.039151649 | AC33: 12461.04 | AD33: 0.047277255 | AE33: 22390.531 | AF33: 0.05628738 | AG33: 52274.975 | AH33: -0.10009199 | AI33: 30996.141 | AJ33: -0.12619487 | AK33: 17126.025 | AL33: -0.068227613 | AM33: 75030.909 | AN33: 0.068588867 | AO33: 30855.271 | AP33: 0.037560353 | AQ33: 19815.377 | AR33: 0.059047898 | AS33: 26829.43 | AT33: 0.071526797 | AU33: 2211.5162 | AV33: -0.22163124 | AW33: 5782.3336 | AX33: 0.049253351 | AY33: 1642.8853 | AZ33: 0.019378864 | BA33: 19843.944 | BB33: -0.043566601 | BC33: 29364.545 | BD33: -0.0056147332 | BE33: -9520.6013 | BF33: 0.084043178
A34: 2002 | C34: 489292.8 | D34: -0.00077900453 | E34: 471128.7 | F34: 0.0027635188 | G34: 4545.7936 | H34: 0.010352099 | I34: 592.95068 | J34: -0.0046021606 | K34: 92286.843 | L34: 0.020670601 | M34: 21403.508 | N34: 0.12039988 | O34: 70883.336 | P34: -0.0060445338 | Q34: 9643.322 | R34: -0.1734398 | S34: 2626.5527 | T34: 0.030702671 | U34: 23851.088 | V34: 0.035600301 | W34: 72121.807 | X34: 0.020642902 | Y34: 22885.014 | Z34: -0.0017826811 | AA34: 17595.606 | AB34: 0.028148703 | AC34: 12223.666 | AD34: -0.019049268 | AE34: 23000.294 | AF34: 0.027233069 | AG34: 48528.987 | AH34: -0.071659291 | AI34: 29700.733 | AJ34: -0.04179257 | AK34: 14841.197 | AL34: -0.13341263 | AM34: 72424.442 | AN34: -0.034738579 | AO34: 31515.37 | AP34: 0.021393405 | AQ34: 20756.846 | AR34: 0.047512041 | AS34: 28068.525 | AT34: 0.046184172 | AU34: 3518.1478 | AV34: 0.59083066 | AW34: 6176.6401 | AX34: 0.068191598 | AY34: 1651.8158 | AZ34: 0.005435901 | BA34: 18164.1 | BB34: -0.084652696 | BC34: 28350.591 | BD34: -0.034529857 | BE34: -10186.491 | BF34: 0.069941992
... A56: 2024 | C56: 853956.98 | D56: 0.023696254 | E56: 832426.77 | F56: 0.02319559 | G56: 5204.7978 | H56: 0.02386285 | I56: 699.33177 | J56: 0.033540205 | K56: 162819.06 | L56: 0.008350809 | M56: 64672.283 | N56: 0.10228472 | O56: 98146.779 | P56: -0.045260413 | Q56: 12740.019 | R56: -0.068824687 | S56: 2589.7754 | T56: -0.025336385 | U56: 38219.933 | V56: 0.023903982 | W56: 119940.91 | X56: -0.027489056 | Y56: 27040.017 | Z56: 0.01703215 | AA56: 30644.528 | AB56: 0.014970566 | AC56: 15544.983 | AD56: 0.032554613 | AE56: 40808.591 | AF56: 0.061151271 | AG56: 73246.007 | AH56: 0.023252322 | AI56: 31726.638 | AJ56: -0.011150387 | AK56: 27124.547 | AL56: 0.083358778 | AM56: 155936.38 | AN56: 0.046904103 | AO56: 54832.367 | AP56: 0.029086514 | AQ56: 35004.144 | AR56: 0.039785894 | AS56: 62712.623 | AT56: 0.057458783 | AU56: 8292.1706 | AV56: 0.44452151 | AW56: 10641.74 | AX56: 0.013078774 | AY56: 2549.4102 | AZ56: -0.017373823 | BA56: 21530.211 | BB56: 0.043436456 | BC56: 40406.316 | BD56: 0.043851401 | BE56: -18876.105 | BF56: 0.044325094

Sheet real_y
A1: =INDIRECT("beschriftung!"&ADDRESS(beschriftung!$C$1*12+ROW(beschriftung!$A1)-1,COLUMN(beschriftung!A$1))) -> ESA 2010, Quarterly aggregates of Gross Domestic Product, production approach, raw data
A2: =INDIRECT("beschriftung!"&ADDRESS(beschriftung!$C$1*12+ROW(beschriftung!$A3)-1,COLUMN(beschriftung!B$1))) -> In Mio. Swiss Francs, at prices of the preceding year, chained values, reference year 2020, percentage change to previous year
C4: =INDIRECT("beschriftung!"&ADDRESS(beschriftung!$C$1*12+ROW(beschriftung!$A5)-1,COLUMN(beschriftung!C$1))) -> Gross domestic product | D4: =IF(INDIRECT("beschriftung.!"&ADDRESS(#REF!*12+ROW($A5)-1,COLUMN(D$1)))="","",INDIRECT("beschriftung.!"&ADDRESS(#REF!*12+ROW($A5)-1,COLUMN(D$1)))) -> #REF! | E4: =IF(INDIRECT("beschriftung.!"&ADDRESS(#REF!*12+ROW($A5)-1,COLUMN(E$1)))="","",INDIRECT("beschriftung.!"&ADDRESS(#REF!*12+ROW($A5)-1,COLUMN(E$1)))) -> #REF! | F4: =IF(INDIRECT("beschriftung.!"&ADDRESS(#REF!*12+ROW($A5)-1,COLUMN(F$1)))="","",INDIRECT("beschriftung.!"&ADDRESS(#REF!*12+ROW($A5)-1,COLUMN(F$1)))) -> #REF! | G4: =IF(INDIRECT("beschriftung.!"&ADDRESS(#REF!*12+ROW($A5)-1,COLUMN(G$1)))="","",INDIRECT("beschriftung.!"&ADDRESS(#REF!*12+ROW($A5)-1,COLUMN(G$1)))) -> #REF! | H4: =IF(INDIRECT("beschriftung.!"&ADDRESS(#REF!*12+ROW($A5)-1,COLUMN(H$1)))="","",INDIRECT("beschriftung.!"&ADDRESS(#REF!*12+ROW($A5)-1,COLUMN(H$1)))) -> #REF! | I4: =IF(INDIRECT("beschriftung.!"&ADDRESS(#REF!*12+ROW($A5)-1,COLUMN(I$1)))="","",INDIRECT("beschriftung.!"&ADDRESS(#REF!*12+ROW($A5)-1,COLUMN(I$1)))) -> #REF! | J4: =IF(INDIRECT("beschriftung.!"&ADDRESS(#REF!*12+ROW($A5)-1,COLUMN(J$1)))="","",INDIRECT("beschriftung.!"&ADDRESS(#REF!*12+ROW($A5)-1,COLUMN(J$1)))) -> #REF! | K4: =IF(INDIRECT("beschriftung.!"&ADDRESS(#REF!*12+ROW($A5)-1,COLUMN(K$1)))="","",INDIRECT("beschriftung.!"&ADDRESS(#REF!*12+ROW($A5)-1,COLUMN(K$1)))) -> #REF! | L4: =IF(INDIRECT("beschriftung.!"&ADDRESS(#REF!*12+ROW($A5)-1,COLUMN(L$1)))="","",INDIRECT("beschriftung.!"&ADDRESS(#REF!*12+ROW($A5)-1,COLUMN(L$1)))) -> #REF! | Q4: =IF(INDIRECT("beschriftung.!"&ADDRESS(#REF!*12+ROW($A5)-1,COLUMN(Q$1)))="","",INDIRECT("beschriftung.!"&ADDRESS(#REF!*12+ROW($A5)-1,COLUMN(Q$1)))) -> #REF! | R4: =IF(INDIRECT("beschriftung.!"&ADDRESS(#REF!*12+ROW($A5)-1,COLUMN(R$1)))="","",INDIRECT("beschriftung.!"&ADDRESS(#REF!*12+ROW($A5)-1,COLUMN(R$1)))) -> #REF! | U4: =IF(INDIRECT("beschriftung.!"&ADDRESS(#REF!*12+ROW($A5)-1,COLUMN(U$1)))="","",INDIRECT("beschriftung.!"&ADDRESS(#REF!*12+ROW($A5)-1,COLUMN(U$1)))) -> #REF! | V4: =IF(INDIRECT("beschriftung.!"&ADDRESS(#REF!*12+ROW($A5)-1,COLUMN(V$1)))="","",INDIRECT("beschriftung.!"&ADDRESS(#REF!*12+ROW($A5)-1,COLUMN(V$1)))) -> #REF! | W4: =IF(INDIRECT("beschriftung.!"&ADDRESS(#REF!*12+ROW($A5)-1,COLUMN(W$1)))="","",INDIRECT("beschriftung.!"&ADDRESS(#REF!*12+ROW($A5)-1,COLUMN(W$1)))) -> #REF! | X4: =IF(INDIRECT("beschriftung.!"&ADDRESS(#REF!*12+ROW($A5)-1,COLUMN(X$1)))="","",INDIRECT("beschriftung.!"&ADDRESS(#REF!*12+ROW($A5)-1,COLUMN(X$1)))) -> #REF! | AA4: =IF(INDIRECT("beschriftung.!"&ADDRESS(#REF!*12+ROW($A5)-1,COLUMN(AA$1)))="","",INDIRECT("beschriftung.!"&ADDRESS(#REF!*12+ROW($A5)-1,COLUMN(AA$1)))) -> #REF! | AB4: =IF(INDIRECT("beschriftung.!"&ADDRESS(#REF!*12+ROW($A5)-1,COLUMN(AB$1)))="","",INDIRECT("beschriftung.!"&ADDRESS(#REF!*12+ROW($A5)-1,COLUMN(AB$1)))) -> #REF! | AG4: =IF(INDIRECT("beschriftung.!"&ADDRESS(#REF!*12+ROW($A5)-1,COLUMN(AG$1)))="","",INDIRECT("beschriftung.!"&ADDRESS(#REF!*12+ROW($A5)-1,COLUMN(AG$1)))) -> #REF! | AH4: =IF(INDIRECT("beschriftung.!"&ADDRESS(#REF!*12+ROW($A5)-1,COLUMN(AH$1)))="","",INDIRECT("beschriftung.!"&ADDRESS(#REF!*12+ROW($A5)-1,COLUMN(AH$1)))) -> #REF! | AI4: =IF(INDIRECT("beschriftung.!"&ADDRESS(#REF!*12+ROW($A5)-1,COLUMN(AI$1)))="","",INDIRECT("beschriftung.!"&ADDRESS(#REF!*12+ROW($A5)-1,COLUMN(AI$1)))) -> #REF! | AJ4: =IF(INDIRECT("beschriftung.!"&ADDRESS(#REF!*12+ROW($A5)-1,COLUMN(AJ$1)))="","",INDIRECT("beschriftung.!"&ADDRESS(#REF!*12+ROW($A5)-1,COLUMN(AJ$1)))) -> #REF! | AM4: =IF(INDIRECT("beschriftung.!"&ADDRESS(#REF!*12+ROW($A5)-1,COLUMN(AM$1)))="","",INDIRECT("beschriftung.!"&ADDRESS(#REF!*12+ROW($A5)-1,COLUMN(AM$1)))) -> #REF! | AN4: =IF(INDIRECT("beschriftung.!"&ADDRESS(#REF!*12+ROW($A5)-1,COLUMN(AN$1)))="","",INDIRECT("beschriftung.!"&ADDRESS(#REF!*12+ROW($A5)-1,COLUMN(AN$1)))) -> #REF! | AO4: =IF(INDIRECT("beschriftung.!"&ADDRESS(#REF!*12+ROW($A5)-1,COLUMN(AO$1)))="","",INDIRECT("beschriftung.!"&ADDRESS(#REF!*12+ROW($A5)-1,COLUMN(AO$1)))) -> #REF! | AP4: =IF(INDIRECT("beschriftung.!"&ADDRESS(#REF!*12+ROW($A5)-1,COLUMN(AP$1)))="","",INDIRECT("beschriftung.!"&ADDRESS(#REF!*12+ROW($A5)-1,COLUMN(AP$1)))) -> #REF! | AQ4: =IF(INDIRECT("beschriftung.!"&ADDRESS(#REF!*12+ROW($A5)-1,COLUMN(AQ$1)))="","",INDIRECT("beschriftung.!"&ADDRESS(#REF!*12+ROW($A5)-1,COLUMN(AQ$1)))) -> #REF! | AR4: =IF(INDIRECT("beschriftung.!"&ADDRESS(#REF!*12+ROW($A5)-1,COLUMN(AR$1)))="","",INDIRECT("beschriftung.!"&ADDRESS(#REF!*12+ROW($A5)-1,COLUMN(AR$1)))) -> #REF! | AS4: =IF(INDIRECT("beschriftung.!"&ADDRESS(#REF!*12+ROW($A5)-1,COLUMN(AS$1)))="","",INDIRECT("beschriftung.!"&ADDRESS(#REF!*12+ROW($A5)-1,COLUMN(AS$1)))) -> #REF! | AT4: =IF(INDIRECT("beschriftung.!"&ADDRESS(#REF!*12+ROW($A5)-1,COLUMN(AT$1)))="","",INDIRECT("beschriftung.!"&ADDRESS(#REF!*12+ROW($A5)-1,COLUMN(AT$1)))) -> #REF! | ... AV4: =IF(INDIRECT("beschriftung.!"&ADDRESS(#REF!*12+ROW($A5)-1,COLUMN(AV$1)))="","",INDIRECT("beschriftung.!"&ADDRESS(#REF!*12+ROW($A5)-1,COLUMN(AV$1)))) -> #REF! | AY4: =IF(INDIRECT("beschriftung.!"&ADDRESS(#REF!*12+ROW($A5)-1,COLUMN(AY$1)))="","",INDIRECT("beschriftung.!"&ADDRESS(#REF!*12+ROW($A5)-1,COLUMN(AY$1)))) -> #REF! | AZ4: =IF(INDIRECT("beschriftung.!"&ADDRESS(#REF!*12+ROW($A5)-1,COLUMN(AZ$1)))="","",INDIRECT("beschriftung.!"&ADDRESS(#REF!*12+ROW($A5)-1,COLUMN(AZ$1)))) -> #REF! | BA4: =IF(INDIRECT("beschriftung.!"&ADDRESS(#REF!*12+ROW($A5)-1,COLUMN(BA$1)))="","",INDIRECT("beschriftung.!"&ADDRESS(#REF!*12+ROW($A5)-1,COLUMN(BA$1)))) -> #REF! | BB4: =IF(INDIRECT("beschriftung.!"&ADDRESS(#REF!*12+ROW($A5)-1,COLUMN(BB$1)))="","",INDIRECT("beschriftung.!"&ADDRESS(#REF!*12+ROW($A5)-1,COLUMN(BB$1)))) -> #REF! | BC4: =IF(INDIRECT("beschriftung.!"&ADDRESS(#REF!*12+ROW($A5)-1,COLUMN(BC$1)))="","",INDIRECT("beschriftung.!"&ADDRESS(#REF!*12+ROW($A5)-1,COLUMN(BC$1)))) -> #REF! | BD4: =IF(INDIRECT("beschriftung.!"&ADDRESS(#REF!*12+ROW($A5)-1,COLUMN(BD$1)))="","",INDIRECT("beschriftung.!"&ADDRESS(#REF!*12+ROW($A5)-1,COLUMN(BD$1)))) -> #REF! | BE4: =IF(INDIRECT("beschriftung.!"&ADDRESS(#REF!*12+ROW($A5)-1,COLUMN(BE$1)))="","",INDIRECT("beschriftung.!"&ADDRESS(#REF!*12+ROW($A5)-1,COLUMN(BE$1)))) -> #REF! | BF4: =IF(INDIRECT("beschriftung.!"&ADDRESS(#REF!*12+ROW($A5)-1,COLUMN(BF$1)))="","",INDIRECT("beschriftung.!"&ADDRESS(#REF!*12+ROW($A5)-1,COLUMN(BF$1)))) -> #REF!
E5: =INDIRECT("beschriftung!"&ADDRESS(beschriftung!$C$1*12+ROW(beschriftung!$A6)-1,COLUMN(beschriftung!D$1))) -> Gross value added before adjustments | F5: =IF(INDIRECT("beschriftung.!"&ADDRESS(#REF!*12+ROW($A6)-1,COLUMN(F$1)))="","",INDIRECT("beschriftung.!"&ADDRESS(#REF!*12+ROW($A6)-1,COLUMN(F$1)))) -> #REF! | G5: =IF(INDIRECT("beschriftung.!"&ADDRESS(#REF!*12+ROW($A6)-1,COLUMN(G$1)))="","",INDIRECT("beschriftung.!"&ADDRESS(#REF!*12+ROW($A6)-1,COLUMN(G$1)))) -> #REF! | H5: =IF(INDIRECT("beschriftung.!"&ADDRESS(#REF!*12+ROW($A6)-1,COLUMN(H$1)))="","",INDIRECT("beschriftung.!"&ADDRESS(#REF!*12+ROW($A6)-1,COLUMN(H$1)))) -> #REF! | I5: =IF(INDIRECT("beschriftung.!"&ADDRESS(#REF!*12+ROW($A6)-1,COLUMN(I$1)))="","",INDIRECT("beschriftung.!"&ADDRESS(#REF!*12+ROW($A6)-1,COLUMN(I$1)))) -> #REF! | J5: =IF(INDIRECT("beschriftung.!"&ADDRESS(#REF!*12+ROW($A6)-1,COLUMN(J$1)))="","",INDIRECT("beschriftung.!"&ADDRESS(#REF!*12+ROW($A6)-1,COLUMN(J$1)))) -> #REF! | K5: =IF(INDIRECT("beschriftung.!"&ADDRESS(#REF!*12+ROW($A6)-1,COLUMN(K$1)))="","",INDIRECT("beschriftung.!"&ADDRESS(#REF!*12+ROW($A6)-1,COLUMN(K$1)))) -> #REF! | L5: =IF(INDIRECT("beschriftung.!"&ADDRESS(#REF!*12+ROW($A6)-1,COLUMN(L$1)))="","",INDIRECT("beschriftung.!"&ADDRESS(#REF!*12+ROW($A6)-1,COLUMN(L$1)))) -> #REF! | Q5: =IF(INDIRECT("beschriftung.!"&ADDRESS(#REF!*12+ROW($A6)-1,COLUMN(Q$1)))="","",INDIRECT("beschriftung.!"&ADDRESS(#REF!*12+ROW($A6)-1,COLUMN(Q$1)))) -> #REF! | R5: =IF(INDIRECT("beschriftung.!"&ADDRESS(#REF!*12+ROW($A6)-1,COLUMN(R$1)))="","",INDIRECT("beschriftung.!"&ADDRESS(#REF!*12+ROW($A6)-1,COLUMN(R$1)))) -> #REF! | U5: =IF(INDIRECT("beschriftung.!"&ADDRESS(#REF!*12+ROW($A6)-1,COLUMN(U$1)))="","",INDIRECT("beschriftung.!"&ADDRESS(#REF!*12+ROW($A6)-1,COLUMN(U$1)))) -> #REF! | V5: =IF(INDIRECT("beschriftung.!"&ADDRESS(#REF!*12+ROW($A6)-1,COLUMN(V$1)))="","",INDIRECT("beschriftung.!"&ADDRESS(#REF!*12+ROW($A6)-1,COLUMN(V$1)))) -> #REF! | W5: =IF(INDIRECT("beschriftung.!"&ADDRESS(#REF!*12+ROW($A6)-1,COLUMN(W$1)))="","",INDIRECT("beschriftung.!"&ADDRESS(#REF!*12+ROW($A6)-1,COLUMN(W$1)))) -> #REF! | X5: =IF(INDIRECT("beschriftung.!"&ADDRESS(#REF!*12+ROW($A6)-1,COLUMN(X$1)))="","",INDIRECT("beschriftung.!"&ADDRESS(#REF!*12+ROW($A6)-1,COLUMN(X$1)))) -> #REF! | AA5: =IF(INDIRECT("beschriftung.!"&ADDRESS(#REF!*12+ROW($A6)-1,COLUMN(AA$1)))="","",INDIRECT("beschriftung.!"&ADDRESS(#REF!*12+ROW($A6)-1,COLUMN(AA$1)))) -> #REF! | AB5: =IF(INDIRECT("beschriftung.!"&ADDRESS(#REF!*12+ROW($A6)-1,COLUMN(AB$1)))="","",INDIRECT("beschriftung.!"&ADDRESS(#REF!*12+ROW($A6)-1,COLUMN(AB$1)))) -> #REF! | AG5: =IF(INDIRECT("beschriftung.!"&ADDRESS(#REF!*12+ROW($A6)-1,COLUMN(AG$1)))="","",INDIRECT("beschriftung.!"&ADDRESS(#REF!*12+ROW($A6)-1,COLUMN(AG$1)))) -> #REF! | AH5: =IF(INDIRECT("beschriftung.!"&ADDRESS(#REF!*12+ROW($A6)-1,COLUMN(AH$1)))="","",INDIRECT("beschriftung.!"&ADDRESS(#REF!*12+ROW($A6)-1,COLUMN(AH$1)))) -> #REF! | AI5: =IF(INDIRECT("beschriftung.!"&ADDRESS(#REF!*12+ROW($A6)-1,COLUMN(AI$1)))="","",INDIRECT("beschriftung.!"&ADDRESS(#REF!*12+ROW($A6)-1,COLUMN(AI$1)))) -> #REF! | AJ5: =IF(INDIRECT("beschriftung.!"&ADDRESS(#REF!*12+ROW($A6)-1,COLUMN(AJ$1)))="","",INDIRECT("beschriftung.!"&ADDRESS(#REF!*12+ROW($A6)-1,COLUMN(AJ$1)))) -> #REF! | AM5: =IF(INDIRECT("beschriftung.!"&ADDRESS(#REF!*12+ROW($A6)-1,COLUMN(AM$1)))="","",INDIRECT("beschriftung.!"&ADDRESS(#REF!*12+ROW($A6)-1,COLUMN(AM$1)))) -> #REF! | AN5: =IF(INDIRECT("beschriftung.!"&ADDRESS(#REF!*12+ROW($A6)-1,COLUMN(AN$1)))="","",INDIRECT("beschriftung.!"&ADDRESS(#REF!*12+ROW($A6)-1,COLUMN(AN$1)))) -> #REF! | AO5: =IF(INDIRECT("beschriftung.!"&ADDRESS(#REF!*12+ROW($A6)-1,COLUMN(AO$1)))="","",INDIRECT("beschriftung.!"&ADDRESS(#REF!*12+ROW($A6)-1,COLUMN(AO$1)))) -> #REF! | AP5: =IF(INDIRECT("beschriftung.!"&ADDRESS(#REF!*12+ROW($A6)-1,COLUMN(AP$1)))="","",INDIRECT("beschriftung.!"&ADDRESS(#REF!*12+ROW($A6)-1,COLUMN(AP$1)))) -> #REF! | AQ5: =IF(INDIRECT("beschriftung.!"&ADDRESS(#REF!*12+ROW($A6)-1,COLUMN(AQ$1)))="","",INDIRECT("beschriftung.!"&ADDRESS(#REF!*12+ROW($A6)-1,COLUMN(AQ$1)))) -> #REF! | AR5: =IF(INDIRECT("beschriftung.!"&ADDRESS(#REF!*12+ROW($A6)-1,COLUMN(AR$1)))="","",INDIRECT("beschriftung.!"&ADDRESS(#REF!*12+ROW($A6)-1,COLUMN(AR$1)))) -> #REF! | AS5: =IF(INDIRECT("beschriftung.!"&ADDRESS(#REF!*12+ROW($A6)-1,COLUMN(AS$1)))="","",INDIRECT("beschriftung.!"&ADDRESS(#REF!*12+ROW($A6)-1,COLUMN(AS$1)))) -> #REF! | AT5: =IF(INDIRECT("beschriftung.!"&ADDRESS(#REF!*12+ROW($A6)-1,COLUMN(AT$1)))="","",INDIRECT("beschriftung.!"&ADDRESS(#REF!*12+ROW($A6)-1,COLUMN(AT$1)))) -> #REF! | ... AV5: =IF(INDIRECT("beschriftung.!"&ADDRESS(#REF!*12+ROW($A6)-1,COLUMN(AV$1)))="","",INDIRECT("beschriftung.!"&ADDRESS(#REF!*12+ROW($A6)-1,COLUMN(AV$1)))) -> #REF! | AY5: =IF(INDIRECT("beschriftung.!"&ADDRESS(#REF!*12+ROW($A6)-1,COLUMN(AY$1)))="","",INDIRECT("beschriftung.!"&ADDRESS(#REF!*12+ROW($A6)-1,COLUMN(AY$1)))) -> #REF! | AZ5: =IF(INDIRECT("beschriftung.!"&ADDRESS(#REF!*12+ROW($A6)-1,COLUMN(AZ$1)))="","",INDIRECT("beschriftung.!"&ADDRESS(#REF!*12+ROW($A6)-1,COLUMN(AZ$1)))) -> #REF! | BA5: =INDIRECT("beschriftung!"&ADDRESS(beschriftung!$C$1*12+ROW(beschriftung!$A6)-1,COLUMN(beschriftung!AS$1))) -> Adjustments | BB5: =IF(INDIRECT("beschriftung.!"&ADDRESS(#REF!*12+ROW($A6)-1,COLUMN(BB$1)))="","",INDIRECT("beschriftung.!"&ADDRESS(#REF!*12+ROW($A6)-1,COLUMN(BB$1)))) -> #REF! | BC5: =IF(INDIRECT("beschriftung.!"&ADDRESS(#REF!*12+ROW($A6)-1,COLUMN(BC$1)))="","",INDIRECT("beschriftung.!"&ADDRESS(#REF!*12+ROW($A6)-1,COLUMN(BC$1)))) -> #REF! | BD5: =IF(INDIRECT("beschriftung.!"&ADDRESS(#REF!*12+ROW($A6)-1,COLUMN(BD$1)))="","",INDIRECT("beschriftung.!"&ADDRESS(#REF!*12+ROW($A6)-1,COLUMN(BD$1)))) -> #REF! | BE5: =IF(INDIRECT("beschriftung.!"&ADDRESS(#REF!*12+ROW($A6)-1,COLUMN(BE$1)))="","",INDIRECT("beschriftung.!"&ADDRESS(#REF!*12+ROW($A6)-1,COLUMN(BE$1)))) -> #REF! | BF5: =IF(INDIRECT("beschriftung.!"&ADDRESS(#REF!*12+ROW($A6)-1,COLUMN(BF$1)))="","",INDIRECT("beschriftung.!"&ADDRESS(#REF!*12+ROW($A6)-1,COLUMN(BF$1)))) -> #REF!
G6: =INDIRECT("beschriftung!"&ADDRESS(beschriftung!$C$1*12+ROW(beschriftung!$A7)-1,COLUMN(beschriftung!E$1))) -> Agriculture, forestry and fishing | I6: =INDIRECT("beschriftung!"&ADDRESS(beschriftung!$C$1*12+ROW(beschriftung!$A7)-1,COLUMN(beschriftung!G$1))) -> Mining and quarrying | K6: =INDIRECT("beschriftung!"&ADDRESS(beschriftung!$C$1*12+ROW(beschriftung!$A7)-1,COLUMN(beschriftung!I$1))) -> Manufacturing | Q6: =INDIRECT("beschriftung!"&ADDRESS(beschriftung!$C$1*12+ROW(beschriftung!$A7)-1,COLUMN(beschriftung!M$1))) -> Electricity, gas, steam and air conditioning supply | S6: =INDIRECT("beschriftung!"&ADDRESS(beschriftung!$C$1*12+ROW(beschriftung!$A7)-1,COLUMN(beschriftung!O$1))) -> Water supply, sewerage, waste management and remediation activities | U6: =INDIRECT("beschriftung!"&ADDRESS(beschriftung!$C$1*12+ROW(beschriftung!$A7)-1,COLUMN(beschriftung!Q$1))) -> Construction | W6: =INDIRECT("beschriftung!"&ADDRESS(beschriftung!$C$1*12+ROW(beschriftung!$A7)-1,COLUMN(beschriftung!S$1))) -> Trade, repair of motor vehicles and motorcycles | AA6: =INDIRECT("beschriftung!"&ADDRESS(beschriftung!$C$1*12+ROW(beschriftung!$A7)-1,COLUMN(beschriftung!W$1))) -> Transportation and storage | AC6: =INDIRECT("beschriftung!"&ADDRESS(beschriftung!$C$1*12+ROW(beschriftung!$A7)-1,COLUMN(beschriftung!Y$1))) -> Accommodation and food service activities | AE6: =INDIRECT("beschriftung!"&ADDRESS(beschriftung!$C$1*12+ROW(beschriftung!$A7)-1,COLUMN(beschriftung!X$1))) -> Information and communication | AG6: =INDIRECT("beschriftung!"&ADDRESS(beschriftung!$C$1*12+ROW(beschriftung!$A7)-1,COLUMN(beschriftung!AA$1))) -> Financial and insurance activities | AM6: =INDIRECT("beschriftung!"&ADDRESS(beschriftung!$C$1*12+ROW(beschriftung!$A7)-1,COLUMN(beschriftung!AE$1))) -> Real estate, professional, scientific, technical activities and administrative services | AO6: =INDIRECT("beschriftung!"&ADDRESS(beschriftung!$C$1*12+ROW(beschriftung!$A7)-1,COLUMN(beschriftung!AG$1))) -> Public administration | AQ6: =INDIRECT("beschriftung!"&ADDRESS(beschriftung!$C$1*12+ROW(beschriftung!$A7)-1,COLUMN(beschriftung!AI$1))) -> Education | AS6: =INDIRECT("beschriftung!"&ADDRESS(beschriftung!$C$1*12+ROW(beschriftung!$A7)-1,COLUMN(beschriftung!AK$1))) -> Human health and social work activities | AU6: =INDIRECT("beschriftung!"&ADDRESS(beschriftung!$C$1*12+ROW(beschriftung!$A7)-1,COLUMN(beschriftung!AM$1))) -> Arts, entertainment and recreation | AW6: =INDIRECT("beschriftung!"&ADDRESS(beschriftung!$C$1*12+ROW(beschriftung!$A7)-1,COLUMN(beschriftung!AO$1))) -> Other service activities | AY6: =INDIRECT("beschriftung!"&ADDRESS(beschriftung!$C$1*12+ROW(beschriftung!$A7)-1,COLUMN(beschriftung!AQ$1))) -> Activities of housholds as employers and producers for own use | BC6: =INDIRECT("beschriftung!"&ADDRESS(beschriftung!$C$1*12+ROW(beschriftung!$A7)-1,COLUMN(beschriftung!AU$1))) -> Taxes on products | BE6: =INDIRECT("beschriftung!"&ADDRESS(beschriftung!$C$1*12+ROW(beschriftung!$A7)-1,COLUMN(beschriftung!AW$1))) -> Subsidies on products
M8: =INDIRECT("beschriftung!"&ADDRESS(beschriftung!$C$1*12+ROW(beschriftung!$A7),COLUMN(beschriftung!J$1))) -> thereof chemicals and pharmaceuticals | O8: =INDIRECT("beschriftung!"&ADDRESS(beschriftung!$C$1*12+ROW(beschriftung!$A7),COLUMN(beschriftung!K$1))) -> thereof other manufacturing | Y8: =INDIRECT("beschriftung!"&ADDRESS(beschriftung!$C$1*12+ROW(beschriftung!$A7),COLUMN(beschriftung!U$1))) -> thereof retail trade | AI8: =INDIRECT("beschriftung!"&ADDRESS(beschriftung!$C$1*12+ROW(beschriftung!$A7),COLUMN(beschriftung!AB$1))) -> thereof financial activities | AK8: =INDIRECT("beschriftung!"&ADDRESS(beschriftung!$C$1*12+ROW(beschriftung!$A7),COLUMN(beschriftung!AC$1))) -> thereof insurance activities
C11: B1GQ | E11: B1G | G11: NOGA 01-03 | I11: NOGA 05-09 | K11: NOGA 10-33 | M11: NOGA 19-21 | O11: NOGA 10-18; 22-33 | Q11: NOGA 35 | S11: NOGA 36-39 | U11: NOGA 41-43 | W11: NOGA 45-47 | Y11: NOGA 47 | AA11: NOGA 49-53 | AC11: NOGA 55-56 | AE11: NOGA 58-63 | AG11: NOGA 64-66 | AI11: NOGA 64 | AK11: NOGA 65 | AM11: NOGA 68-75; 77-82 | AO11: NOGA 84 | AQ11: NOGA 85 | AS11: NOGA 86-88 | AU11: NOGA 90-93 | AW11: NOGA 94-96 | AY11: NOGA 97-98 | BC11: D21 | BE11: D31
A12: 1980 | C12: 367723.79
A13: 1981 | C13: 373612.28 | D13: 0.016013359
A14: 1982 | C14: 368720.14 | D14: -0.013094174
A15: 1983 | C15: 371076.55 | D15: 0.0063907946
A16: 1984 | C16: 382240.23 | D16: 0.030084564
A17: 1985 | C17: 396282.19 | D17: 0.036735959
A18: 1986 | C18: 403647.62 | D18: 0.018586328
A19: 1987 | C19: 410047.36 | D19: 0.015854782
A20: 1988 | C20: 423487.06 | D20: 0.032775963
A21: 1989 | C21: 441827.41 | D21: 0.043307941
A22: 1990 | C22: 458062.92 | D22: 0.036746256 | E22: 448113.27 | G22: 5048.1492 | I22: 795.21161 | K22: 70297.834 | M22: 5424.2045 | O22: 77256.031 | Q22: 13495.932 | S22: 1311.3583 | U22: 36823.93 | W22: 66255.862 | Y22: 19156.677 | AA22: 23786.135 | AC22: 14859.341 | AE22: 17115.75 | AG22: 25494.388 | AI22: 14592.027 | AK22: 8447.2427 | AM22: 89703.848 | AO22: 34935.027 | AQ22: 27429.198 | AS22: 22502.401 | AU22: 2951.7199 | AW22: 12838.05 | AY22: 1690.7544 | BA22: 10669.975 | BC22: 21668.519 | BE22: -11553.651
A23: 1991 | C23: 453867.9 | D23: -0.0091581657 | E23: 445030.2 | F23: -0.0068801261 | G23: 5019.5777 | H23: -0.0056598076 | I23: 784.74763 | J23: -0.013158736 | K23: 70737.461 | L23: 0.0062537769 | M23: 5721.5894 | N23: 0.054825525 | O23: 77024.895 | P23: -0.0029918275 | Q23: 13908.541 | R23: 0.03057281 | S23: 1478.6054 | T23: 0.12753731 | U23: 35702.167 | V23: -0.0304629 | W23: 60505.419 | X23: -0.086791465 | Y23: 18223.417 | Z23: -0.048717221 | AA23: 26312.375 | AB23: 0.10620642 | AC23: 15011.373 | AD23: 0.010231432 | AE23: 17442.646 | AF23: 0.019099087 | AG23: 26556.135 | AH23: 0.041646288 | AI23: 15090.654 | AJ23: 0.034171162 | AK23: 8838.0326 | AL23: 0.046262419 | AM23: 89635.696 | AN23: -0.00075973488 | AO23: 35457.765 | AP23: 0.014963152 | AQ23: 26960.223 | AR23: -0.017097636 | AS23: 22713.135 | AT23: 0.0093649453 | AU23: 3167.6954 | AV23: 0.073169374 | AW23: 11344.323 | AX23: -0.11635155 | AY23: 1689.4699 | AZ23: -0.00075973488 | BA23: 9675.3736 | BB23: -0.093214986 | BC23: 21257.723 | BD23: -0.018958198 | BE23: -12391.958 | BF23: 0.07255776
A24: 1992 | C24: 453669.41 | D24: -0.00043732993 | E24: 445220.57 | F24: 0.00042778347 | G24: 5164.1707 | H24: 0.028805807 | I24: 663.98746 | J24: -0.15388408 | K24: 70789.393 | L24: 0.00073415646 | M24: 6076.6834 | N24: 0.062062128 | O24: 76150.01 | P24: -0.011358462 | Q24: 14365.31 | R24: 0.032840927 | S24: 1633.1741 | T24: 0.10453685 | U24: 34628.712 | V24: -0.030066945 | W24: 60673.432 | X24: 0.0027768245 | Y24: 18202.711 | Z24: -0.0011361879 | AA24: 26789.623 | AB24: 0.018137778 | AC24: 14512.395 | AD24: -0.03324001 | AE24: 16957.779 | AF24: -0.027797791 | AG24: 27862.576 | AH24: 0.049195456 | AI24: 15276.033 | AJ24: 0.012284373 | AK24: 9578.0984 | AL24: 0.083736496 | AM24: 89218.258 | AN24: -0.004657055 | AO24: 35442.964 | AP24: -0.00041740782 | AQ24: 26949.76 | AR24: -0.00038808673 | AS24: 22761.485 | AT24: 0.0021287558 | AU24: 2800.9705 | AV24: -0.11577025 | AW24: 10591.992 | AX24: -0.066317914 | AY24: 1681.6019 | AZ24: -0.004657055 | BA24: 9315.175 | BB24: -0.037228392 | BC24: 20721.332 | BD24: -0.025232752 | BE24: -12225.384 | BF24: -0.013442081
A25: 1993 | C25: 453097.86 | D25: -0.0012598355 | E25: 444238.46 | F25: -0.0022058988 | G25: 4951.9378 | H25: -0.041097185 | I25: 651.49408 | J25: -0.018815695 | K25: 70760.441 | L25: -0.00040899382 | M25: 6434.6588 | N25: 0.058909664 | O25: 75162.157 | P25: -0.012972463 | Q25: 15126.459 | R25: 0.052985196 | S25: 1667.0034 | T25: 0.020713815 | U25: 33705.864 | V25: -0.02664978 | W25: 58430.925 | X25: -0.036960267 | Y25: 17765.998 | Z25: -0.023991695 | AA25: 26121.32 | AB25: -0.024946339 | AC25: 13965.714 | AD25: -0.03766997 | AE25: 16146.591 | AF25: -0.047835712 | AG25: 30288.684 | AH25: 0.087074093 | AI25: 17638.169 | AJ25: 0.1546302 | AK25: 9874.9207 | AL25: 0.030989689 | AM25: 90150.848 | AN25: 0.010452904 | AO25: 35647.21 | AP25: 0.0057626432 | AQ25: 27354.042 | AR25: 0.015001312 | AS25: 22995.927 | AT25: 0.010299936 | AU25: 2613.4742 | AV25: -0.066939769 | AW25: 10148.126 | AX25: -0.041905792 | AY25: 1699.1795 | AZ25: 0.010452904 | BA25: 9707.828 | BB25: 0.042151963 | BC25: 20738.863 | BD25: 0.00084606349 | BE25: -11781.953 | BF25: -0.036271392
A26: 1994 | C26: 458851.11 | D26: 0.012697577 | E26: 448995.26 | F26: 0.010707757 | G26: 4663.7283 | H26: -0.058201352 | I26: 615.41554 | J26: -0.055378156 | K26: 73338.558 | L26: 0.036434439 | M26: 7148.1866 | N26: 0.11088821 | O26: 76637.796 | P26: 0.019632741 | Q26: 17362.434 | R26: 0.14781879 | S26: 1647.2282 | T26: -0.011862747 | U26: 34173.537 | V26: 0.013875123 | W26: 58160.713 | X26: -0.004624468 | Y26: 17467.307 | Z26: -0.016812499 | AA26: 25651.11 | AB26: -0.018001022 | AC26: 13184.253 | AD26: -0.055955687 | AE26: 15835.09 | AF26: -0.019292042 | AG26: 30831.366 | AH26: 0.017916973 | AI26: 17815.074 | AJ26: 0.010029625 | AK26: 10056.492 | AL26: 0.018387134 | AM26: 93175.576 | AN26: 0.033551856 | AO26: 36448.157 | AP26: 0.022468733 | AQ26: 24546.921 | AR26: -0.10262182 | AS26: 23999.827 | AT26: 0.043655555 | AU26: 2483.7248 | AV26: -0.049646306 | AW26: 8954.1663 | AX26: -0.1176532 | AY26: 1756.1902 | AZ26: 0.033551856 | BA26: 10659.098 | BB26: 0.097990036 | BC26: 21402.731 | BD26: 0.032010819 | BE26: -11392.196 | BF26: -0.033080839
A27: 1995 | C27: 461057.57 | D27: 0.0048086644 | E27: 451030.31 | F27: 0.0045324536 | G27: 4779.4036 | H27: 0.024803176 | I27: 726.60154 | J27: 0.18066818 | K27: 72874.839 | L27: -0.0063229903 | M27: 7587.0307 | N27: 0.061392378 | O27: 74955.193 | P27: -0.021955271 | Q27: 18231.119 | R27: 0.050032473 | S27: 1826.8716 | T27: 0.10905801 | U27: 32960.398 | V27: -0.035499364 | W27: 59111.524 | X27: 0.016347989 | Y27: 17310.894 | Z27: -0.0089546096 | AA27: 25420.422 | AB27: -0.0089932803 | AC27: 12501.001 | AD27: -0.051823322 | AE27: 16340.136 | AF27: 0.031894071 | AG27: 30572.997 | AH27: -0.0083800493 | AI27: 16597.118 | AJ27: -0.068366548 | AK27: 10824.536 | AL27: 0.076372901 | AM27: 93293.8 | AN27: 0.0012688339 | AO27: 36181.286 | AP27: -0.0073219295 | AQ27: 25490.354 | AR27: 0.03843388 | AS27: 25119.226 | AT27: 0.046641935 | AU27: 2928.9211 | AV27: 0.1792454 | AW27: 8787.8249 | AX27: -0.018576984 | AY27: 1758.4185 | AZ27: 0.0012688339 | BA27: 10833.445 | BB27: 0.016356614 | BC27: 21558.095 | BD27: 0.0072590751 | BE27: -11365.944 | BF27: -0.0023044154
A28: 1996 | C28: 463640.26 | D28: 0.0056016684 | E28: 453065.91 | F28: 0.0045132227 | G28: 4769.1292 | H28: -0.0021497345 | I28: 657.37244 | J28: -0.095277945 | K28: 73507.745 | L28: 0.0086848347 | M28: 7678.866 | N28: 0.012104241 | O28: 75546.748 | P28: 0.0078921193 | Q28: 17004.652 | R28: -0.067273273 | S28: 1699.3666 | T28: -0.069794155 | U28: 30947.37 | V28: -0.061074151 | W28: 58043.995 | X28: -0.018059585 | Y28: 16921.389 | Z28: -0.022500539 | AA28: 25948.447 | AB28: 0.020771691 | AC28: 12532.227 | AD28: 0.0024978714 | AE28: 16396.076 | AF28: 0.0034235037 | AG28: 32901.622 | AH28: 0.076166042 | AI28: 18791.77 | AJ28: 0.13223087 | AK28: 10926.845 | AL28: 0.0094515732 | AM28: 95149.508 | AN28: 0.019891006 | AO28: 36137.176 | AP28: -0.0012191507 | AQ28: 25547.109 | AR28: 0.0022265255 | AS28: 25580.822 | AT28: 0.018376215 | AU28: 3533.3379 | AV28: 0.20636159 | AW28: 8481.6783 | AX28: -0.034837588 | AY28: 1711.7323 | AZ28: -0.026550075 | BA28: 11284.525 | BB28: 0.041637694 | BC28: 22213.014 | BD28: 0.030379258 | BE28: -11542.953 | BF28: 0.015573633
A29: 1997 | C29: 473365.66 | D29: 0.020976168 | E29: 461341.99 | F29: 0.018266839 | G29: 4809.1741 | H29: 0.0083967064 | I29: 788.70558 | J29: 0.19978498 | K29: 75764.388 | L29: 0.030699388 | M29: 8057.2295 | N29: 0.04927336 | O29: 77538.536 | P29: 0.026364967 | Q29: 16875.336 | R29: -0.0076047602 | S29: 1679.5325 | T29: -0.011671514 | U29: 28680.285 | V29: -0.073256131 | W29: 58982.536 | X29: 0.01616948 | Y29: 17210.566 | Z29: 0.017089412 | AA29: 25138.026 | AB29: -0.031231966 | AC29: 14978.336 | AD29: 0.19518553 | AE29: 16143.284 | AF29: -0.015417853 | AG29: 36803.55 | AH29: 0.11859381 | AI29: 21311.295 | AJ29: 0.13407597 | AK29: 11470.632 | AL29: 0.049766217 | AM29: 95749.653 | AN29: 0.0063073849 | AO29: 36066.124 | AP29: -0.0019661731 | AQ29: 25827.251 | AR29: 0.0109657 | AS29: 25804.377 | AT29: 0.0087391848 | AU29: 2788.2415 | AV29: -0.21087607 | AW29: 8260.6418 | AX29: -0.026060468 | AY29: 1710.2844 | AZ29: -0.00084591012 | BA29: 12560.789 | BB29: 0.11309858 | BC29: 23458.235 | BD29: 0.056058138 | BE29: -11362.465 | BF29: -0.015636136
A30: 1998 | C30: 486506.83 | D30: 0.027761138 | E30: 474452.05 | F30: 0.028417221 | G30: 4866.7375 | H30: 0.01196949 | I30: 848.94941 | J30: 0.076383168 | K30: 77495.75 | L30: 0.022851933 | M30: 8770.76 | N30: 0.088557796 | O30: 78131.274 | P30: 0.0076444395 | Q30: 16390.359 | R30: -0.028738793 | S30: 1635.5622 | T30: -0.026180086 | U30: 28919.052 | V30: 0.0083251026 | W30: 60046.312 | X30: 0.018035442 | Y30: 17546.65 | Z30: 0.019527786 | AA30: 26339.613 | AB30: 0.047799584 | AC30: 15526.412 | AD30: 0.036591248 | AE30: 17921.876 | AF30: 0.11017534 | AG30: 38597.751 | AH30: 0.048750749 | AI30: 21792.645 | AJ30: 0.022586629 | AK30: 11941.454 | AL30: 0.041045846 | AM30: 97990.474 | AN30: 0.023402921 | AO30: 35923.693 | AP30: -0.0039491529 | AQ30: 26337.326 | AR30: 0.019749482 | AS30: 27155.806 | AT30: 0.052372055 | AU30: 3895.9816 | AV30: 0.39728988 | AW30: 8176.89 | AX30: -0.010138653 | AY30: 1725.8374 | AZ30: 0.0090938275 | BA30: 12644.924 | BB30: 0.0066982563 | BC30: 24536.113 | BD30: 0.045948854 | BE30: -12494.423 | BF30: 0.099622506
A31: 1999 | C31: 494680.51 | D31: 0.016800756 | E31: 479869.2 | F31: 0.011417692 | G31: 4999.7905 | H31: 0.027339258 | I31: 819.24253 | J31: -0.034992523 | K31: 78483.636 | L31: 0.012747616 | M31: 8943.4916 | N31: 0.019694025 | O31: 78996.166 | P31: 0.011069732 | Q31: 16909.166 | R31: 0.031653185 | S31: 1642.591 | T31: 0.0042975099 | U31: 28044.561 | V31: -0.030239252 | W31: 62315.344 | X31: 0.037788033 | Y31: 17835.011 | Z31: 0.016433926 | AA31: 22766.625 | AB31: -0.13565074 | AC31: 15348.919 | AD31: -0.011431671 | AE31: 18968.791 | AF31: 0.058415492 | AG31: 40115.058 | AH31: 0.039310763 | AI31: 23022.335 | AJ31: 0.056426822 | AK31: 12101.769 | AL31: 0.013425043 | AM31: 99299.386 | AN31: 0.013357547 | AO31: 36203.593 | AP31: 0.0077914996 | AQ31: 26644.243 | AR31: 0.011653339 | AS31: 27739.953 | AT31: 0.021510973 | AU31: 3071.6092 | AV31: -0.21159556 | AW31: 7843.1405 | AX31: -0.040816185 | AY31: 1752.8785 | AZ31: 0.015668373 | BA31: 14910.608 | BB31: 0.17917735 | BC31: 25457.152 | BD31: 0.037538066 | BE31: -10577.295 | BF31: -0.1534387
A32: 2000 | C32: 512653.32 | D32: 0.036332169 | E32: 495956.61 | F32: 0.033524568 | G32: 5114.4366 | H32: 0.022930177 | I32: 792.99879 | J32: -0.032034152 | K32: 80099.678 | L32: 0.020590814 | M32: 9709.4419 | N32: 0.085643319 | O32: 79393.914 | P32: 0.0050350236 | Q32: 16861.867 | R32: -0.00279726 | S32: 1587.4149 | T32: -0.033590887 | U32: 27790.844 | V32: -0.0090469108 | W32: 64699.165 | X32: 0.038254153 | Y32: 18167.059 | Z32: 0.018617787 | AA32: 23901.195 | AB32: 0.049834781 | AC32: 15646.713 | AD32: 0.01940162 | AE32: 21565.098 | AF32: 0.13687252 | AG32: 44054.518 | AH32: 0.098204023 | AI32: 25400.112 | AJ32: 0.10328133 | AK32: 12811.637 | AL32: 0.058658195 | AM32: 98934.684 | AN32: -0.0036727563 | AO32: 36938.561 | AP32: 0.020300969 | AQ32: 26195.21 | AR32: -0.016852923 | AS32: 28967.928 | AT32: 0.044267368 | AU32: 4200.4988 | AV32: 0.36752383 | AW32: 7856.8401 | AX32: 0.0017466864 | AY32: 1768.7995 | AZ32: 0.0090828078 | BA32: 16464.977 | BB32: 0.10424583 | BC32: 26798.994 | BD32: 0.052709828 | BE32: -10038.282 | BF32: -0.05095939
A33: 2001 | C33: 520815.78 | D33: 0.015921977 | E33: 504946.98 | F33: 0.018127348 | G33: 4714.989 | H33: -0.07810196 | I33: 797.17179 | J33: 0.0052623042 | K33: 84842.316 | L33: 0.059209197 | M33: 11184.566 | N33: 0.15192672 | O33: 82282.883 | P33: 0.036387791 | Q33: 17123.494 | R33: 0.01551592 | S33: 1610.255 | T33: 0.014388217 | U33: 27641.27 | V33: -0.005382159 | W33: 66600.677 | X33: 0.029390068 | Y33: 19072.724 | Z33: 0.049852035 | AA33: 23912.191 | AB33: 0.00046005362 | AC33: 15965.625 | AD33: 0.020382049 | AE33: 22770.904 | AF33: 0.055914727 | AG33: 40940.338 | AH33: -0.070689224 | AI33: 22203.453 | AJ33: -0.12585215 | AK33: 13115.02 | AL33: 0.02368029 | AM33: 102486.13 | AN33: 0.035896853 | AO33: 37668.339 | AP33: 0.01975653 | AQ33: 26344.965 | AR33: 0.0057168721 | AS33: 30747.758 | AT33: 0.061441408 | AU33: 3177.747 | AV33: -0.24348341 | AW33: 8036.6681 | AX33: 0.022888087 | AY33: 1800.8883 | AZ33: 0.018141535 | BA33: 15928.992 | BB33: -0.032552996 | BC33: 26758.472 | BD33: -0.0015120592 | BE33: -10759.226 | BF33: 0.071819393
A34: 2002 | C34: 522797.01 | D34: 0.0038041021 | E34: 507580.28 | F34: 0.0052149911 | G34: 4842.8929 | H34: 0.027127073 | I34: 788.65485 | J34: -0.010683951 | K34: 86976.379 | L34: 0.025153287 | M34: 12840.264 | N34: 0.14803425 | O34: 81644.068 | P34: -0.0077636399 | Q34: 14582.994 | R34: -0.14836342 | S34: 1637.3952 | T34: 0.016854611 | U34: 28898.319 | V34: 0.045477253 | W34: 68586.264 | X34: 0.029813313 | Y34: 19081.18 | Z34: 0.00044337138 | AA34: 24407.293 | AB34: 0.020705021 | AC34: 15202.417 | AD34: -0.047803244 | AE34: 23191.549 | AF34: 0.018472924 | AG34: 39469.027 | AH34: -0.035937929 | AI34: 21175.951 | AJ34: -0.046276689 | AK34: 12762.849 | AL34: -0.026852506 | AM34: 98097.428 | AN34: -0.042822382 | AO34: 37962.259 | AP34: 0.0078028397 | AQ34: 27412.341 | AR34: 0.040515375 | AS34: 31788.451 | AT34: 0.033846116 | AU34: 4990.0778 | AV34: 0.5703194 | AW34: 8443.4708 | AX34: 0.050618335 | AY34: 1809.4404 | AZ34: 0.0047488674 | BA34: 15457.487 | BB34: -0.029600469 | BC34: 26746.628 | BD34: -0.00044262877 | BE34: -11408.346 | BF34: 0.060331532
... A56: 2024 | C56: 797715.73 | D56: 0.013903337 | E56: 777749.01 | F56: 0.014689328 | G56: 5071.8512 | H56: -0.021341438 | I56: 660.24278 | J56: 0.022022956 | K56: 173278.91 | L56: 0.0094685798 | M56: 81004.982 | N56: 0.13389188 | O56: 94266.013 | P56: -0.061543951 | Q56: 8020.1562 | R56: -0.20112341 | S56: 2686.1503 | T56: 0.0020466251 | U56: 32639.912 | V56: 0.0031380554 | W56: 92842.056 | X56: -0.0073375699 | Y56: 26262.921 | Z56: 0.036725259 | AA56: 29108.912 | AB56: 0.006065526 | AC56: 14358.043 | AD56: -0.0021092859 | AE56: 41582.97 | AF56: 0.059392575 | AG56: 67052.093 | AH56: 0.013916509 | AI56: 26712.967 | AJ56: -0.021702372 | AK56: 25756.804 | AL56: 0.068969093 | AM56: 146211.82 | AN56: 0.027026308 | AO56: 50000.471 | AP56: 0.011035936 | AQ56: 31883.403 | AR56: 0.013148232 | AS56: 63081.82 | AT56: 0.057610332 | AU56: 9079.2931 | AV56: 0.41419391 | AW56: 10307.04 | AX56: -0.013967966 | AY56: 2432.0044 | AZ56: -0.03313736 | BA56: 19931.663 | BB56: -0.017086741 | BC56: 38209.53 | BD56: 0.0072654665 | BE56: -18287.607 | BF56: 0.035065413

Sheet defl_y
A1: =INDIRECT("beschriftung!"&ADDRESS(beschriftung!$C$1*12+ROW(beschriftung!$A1)-1,COLUMN(beschriftung!A$1))) -> ESA 2010, Quarterly aggregates of Gross Domestic Product, production approach, raw data
A2: =INDIRECT("beschriftung!"&ADDRESS(beschriftung!$C$1*12+ROW(beschriftung!$A4)-1,COLUMN(beschriftung!B$1))) -> Implicit chain price indexes, year-on-year growth rates
C4: =INDIRECT("beschriftung!"&ADDRESS(beschriftung!$C$1*12+ROW(beschriftung!$A5)-1,COLUMN(beschriftung!C$1))) -> Gross domestic product | D4: =IF(INDIRECT("beschriftung.!"&ADDRESS(#REF!*12+ROW($A5)-1,COLUMN(D$1)))="","",INDIRECT("beschriftung.!"&ADDRESS(#REF!*12+ROW($A5)-1,COLUMN(D$1)))) -> #REF! | E4: =IF(INDIRECT("beschriftung.!"&ADDRESS(#REF!*12+ROW($A5)-1,COLUMN(E$1)))="","",INDIRECT("beschriftung.!"&ADDRESS(#REF!*12+ROW($A5)-1,COLUMN(E$1)))) -> #REF! | F4: =IF(INDIRECT("beschriftung.!"&ADDRESS(#REF!*12+ROW($A5)-1,COLUMN(F$1)))="","",INDIRECT("beschriftung.!"&ADDRESS(#REF!*12+ROW($A5)-1,COLUMN(F$1)))) -> #REF! | G4: =IF(INDIRECT("beschriftung.!"&ADDRESS(#REF!*12+ROW($A5)-1,COLUMN(G$1)))="","",INDIRECT("beschriftung.!"&ADDRESS(#REF!*12+ROW($A5)-1,COLUMN(G$1)))) -> #REF! | H4: =IF(INDIRECT("beschriftung.!"&ADDRESS(#REF!*12+ROW($A5)-1,COLUMN(H$1)))="","",INDIRECT("beschriftung.!"&ADDRESS(#REF!*12+ROW($A5)-1,COLUMN(H$1)))) -> #REF! | I4: =IF(INDIRECT("beschriftung.!"&ADDRESS(#REF!*12+ROW($A5)-1,COLUMN(I$1)))="","",INDIRECT("beschriftung.!"&ADDRESS(#REF!*12+ROW($A5)-1,COLUMN(I$1)))) -> #REF! | J4: =IF(INDIRECT("beschriftung.!"&ADDRESS(#REF!*12+ROW($A5)-1,COLUMN(J$1)))="","",INDIRECT("beschriftung.!"&ADDRESS(#REF!*12+ROW($A5)-1,COLUMN(J$1)))) -> #REF! | K4: =IF(INDIRECT("beschriftung.!"&ADDRESS(#REF!*12+ROW($A5)-1,COLUMN(K$1)))="","",INDIRECT("beschriftung.!"&ADDRESS(#REF!*12+ROW($A5)-1,COLUMN(K$1)))) -> #REF! | L4: =IF(INDIRECT("beschriftung.!"&ADDRESS(#REF!*12+ROW($A5)-1,COLUMN(L$1)))="","",INDIRECT("beschriftung.!"&ADDRESS(#REF!*12+ROW($A5)-1,COLUMN(L$1)))) -> #REF! | Q4: =IF(INDIRECT("beschriftung.!"&ADDRESS(#REF!*12+ROW($A5)-1,COLUMN(Q$1)))="","",INDIRECT("beschriftung.!"&ADDRESS(#REF!*12+ROW($A5)-1,COLUMN(Q$1)))) -> #REF! | R4: =IF(INDIRECT("beschriftung.!"&ADDRESS(#REF!*12+ROW($A5)-1,COLUMN(R$1)))="","",INDIRECT("beschriftung.!"&ADDRESS(#REF!*12+ROW($A5)-1,COLUMN(R$1)))) -> #REF! | U4: =IF(INDIRECT("beschriftung.!"&ADDRESS(#REF!*12+ROW($A5)-1,COLUMN(U$1)))="","",INDIRECT("beschriftung.!"&ADDRESS(#REF!*12+ROW($A5)-1,COLUMN(U$1)))) -> #REF! | V4: =IF(INDIRECT("beschriftung.!"&ADDRESS(#REF!*12+ROW($A5)-1,COLUMN(V$1)))="","",INDIRECT("beschriftung.!"&ADDRESS(#REF!*12+ROW($A5)-1,COLUMN(V$1)))) -> #REF! | W4: =IF(INDIRECT("beschriftung.!"&ADDRESS(#REF!*12+ROW($A5)-1,COLUMN(W$1)))="","",INDIRECT("beschriftung.!"&ADDRESS(#REF!*12+ROW($A5)-1,COLUMN(W$1)))) -> #REF! | X4: =IF(INDIRECT("beschriftung.!"&ADDRESS(#REF!*12+ROW($A5)-1,COLUMN(X$1)))="","",INDIRECT("beschriftung.!"&ADDRESS(#REF!*12+ROW($A5)-1,COLUMN(X$1)))) -> #REF! | AA4: =IF(INDIRECT("beschriftung.!"&ADDRESS(#REF!*12+ROW($A5)-1,COLUMN(AA$1)))="","",INDIRECT("beschriftung.!"&ADDRESS(#REF!*12+ROW($A5)-1,COLUMN(AA$1)))) -> #REF! | AB4: =IF(INDIRECT("beschriftung.!"&ADDRESS(#REF!*12+ROW($A5)-1,COLUMN(AB$1)))="","",INDIRECT("beschriftung.!"&ADDRESS(#REF!*12+ROW($A5)-1,COLUMN(AB$1)))) -> #REF! | AG4: =IF(INDIRECT("beschriftung.!"&ADDRESS(#REF!*12+ROW($A5)-1,COLUMN(AG$1)))="","",INDIRECT("beschriftung.!"&ADDRESS(#REF!*12+ROW($A5)-1,COLUMN(AG$1)))) -> #REF! | AH4: =IF(INDIRECT("beschriftung.!"&ADDRESS(#REF!*12+ROW($A5)-1,COLUMN(AH$1)))="","",INDIRECT("beschriftung.!"&ADDRESS(#REF!*12+ROW($A5)-1,COLUMN(AH$1)))) -> #REF! | AI4: =IF(INDIRECT("beschriftung.!"&ADDRESS(#REF!*12+ROW($A5)-1,COLUMN(AI$1)))="","",INDIRECT("beschriftung.!"&ADDRESS(#REF!*12+ROW($A5)-1,COLUMN(AI$1)))) -> #REF! | AJ4: =IF(INDIRECT("beschriftung.!"&ADDRESS(#REF!*12+ROW($A5)-1,COLUMN(AJ$1)))="","",INDIRECT("beschriftung.!"&ADDRESS(#REF!*12+ROW($A5)-1,COLUMN(AJ$1)))) -> #REF! | AM4: =IF(INDIRECT("beschriftung.!"&ADDRESS(#REF!*12+ROW($A5)-1,COLUMN(AM$1)))="","",INDIRECT("beschriftung.!"&ADDRESS(#REF!*12+ROW($A5)-1,COLUMN(AM$1)))) -> #REF! | AN4: =IF(INDIRECT("beschriftung.!"&ADDRESS(#REF!*12+ROW($A5)-1,COLUMN(AN$1)))="","",INDIRECT("beschriftung.!"&ADDRESS(#REF!*12+ROW($A5)-1,COLUMN(AN$1)))) -> #REF! | AO4: =IF(INDIRECT("beschriftung.!"&ADDRESS(#REF!*12+ROW($A5)-1,COLUMN(AO$1)))="","",INDIRECT("beschriftung.!"&ADDRESS(#REF!*12+ROW($A5)-1,COLUMN(AO$1)))) -> #REF! | AP4: =IF(INDIRECT("beschriftung.!"&ADDRESS(#REF!*12+ROW($A5)-1,COLUMN(AP$1)))="","",INDIRECT("beschriftung.!"&ADDRESS(#REF!*12+ROW($A5)-1,COLUMN(AP$1)))) -> #REF! | AQ4: =IF(INDIRECT("beschriftung.!"&ADDRESS(#REF!*12+ROW($A5)-1,COLUMN(AQ$1)))="","",INDIRECT("beschriftung.!"&ADDRESS(#REF!*12+ROW($A5)-1,COLUMN(AQ$1)))) -> #REF! | AR4: =IF(INDIRECT("beschriftung.!"&ADDRESS(#REF!*12+ROW($A5)-1,COLUMN(AR$1)))="","",INDIRECT("beschriftung.!"&ADDRESS(#REF!*12+ROW($A5)-1,COLUMN(AR$1)))) -> #REF! | AS4: =IF(INDIRECT("beschriftung.!"&ADDRESS(#REF!*12+ROW($A5)-1,COLUMN(AS$1)))="","",INDIRECT("beschriftung.!"&ADDRESS(#REF!*12+ROW($A5)-1,COLUMN(AS$1)))) -> #REF! | AT4: =IF(INDIRECT("beschriftung.!"&ADDRESS(#REF!*12+ROW($A5)-1,COLUMN(AT$1)))="","",INDIRECT("beschriftung.!"&ADDRESS(#REF!*12+ROW($A5)-1,COLUMN(AT$1)))) -> #REF! | ... AV4: =IF(INDIRECT("beschriftung.!"&ADDRESS(#REF!*12+ROW($A5)-1,COLUMN(AV$1)))="","",INDIRECT("beschriftung.!"&ADDRESS(#REF!*12+ROW($A5)-1,COLUMN(AV$1)))) -> #REF! | AY4: =IF(INDIRECT("beschriftung.!"&ADDRESS(#REF!*12+ROW($A5)-1,COLUMN(AY$1)))="","",INDIRECT("beschriftung.!"&ADDRESS(#REF!*12+ROW($A5)-1,COLUMN(AY$1)))) -> #REF! | AZ4: =IF(INDIRECT("beschriftung.!"&ADDRESS(#REF!*12+ROW($A5)-1,COLUMN(AZ$1)))="","",INDIRECT("beschriftung.!"&ADDRESS(#REF!*12+ROW($A5)-1,COLUMN(AZ$1)))) -> #REF! | BA4: =IF(INDIRECT("beschriftung.!"&ADDRESS(#REF!*12+ROW($A5)-1,COLUMN(BA$1)))="","",INDIRECT("beschriftung.!"&ADDRESS(#REF!*12+ROW($A5)-1,COLUMN(BA$1)))) -> #REF! | BB4: =IF(INDIRECT("beschriftung.!"&ADDRESS(#REF!*12+ROW($A5)-1,COLUMN(BB$1)))="","",INDIRECT("beschriftung.!"&ADDRESS(#REF!*12+ROW($A5)-1,COLUMN(BB$1)))) -> #REF! | BC4: =IF(INDIRECT("beschriftung.!"&ADDRESS(#REF!*12+ROW($A5)-1,COLUMN(BC$1)))="","",INDIRECT("beschriftung.!"&ADDRESS(#REF!*12+ROW($A5)-1,COLUMN(BC$1)))) -> #REF! | BD4: =IF(INDIRECT("beschriftung.!"&ADDRESS(#REF!*12+ROW($A5)-1,COLUMN(BD$1)))="","",INDIRECT("beschriftung.!"&ADDRESS(#REF!*12+ROW($A5)-1,COLUMN(BD$1)))) -> #REF! | BE4: =IF(INDIRECT("beschriftung.!"&ADDRESS(#REF!*12+ROW($A5)-1,COLUMN(BE$1)))="","",INDIRECT("beschriftung.!"&ADDRESS(#REF!*12+ROW($A5)-1,COLUMN(BE$1)))) -> #REF! | BF4: =IF(INDIRECT("beschriftung.!"&ADDRESS(#REF!*12+ROW($A5)-1,COLUMN(BF$1)))="","",INDIRECT("beschriftung.!"&ADDRESS(#REF!*12+ROW($A5)-1,COLUMN(BF$1)))) -> #REF!
